S_D_M;class;seeding;group_no;group_pos;for_main_round;for_consolation;draw_number;startnumber_A;last_name_A;country_A;PPP_chapter_A;startnumber_B;last_name_B;country_B;PPP_chapter_B;is_bye
S;M1;1000;1;1;True;False;1;1001;Wang;CHN;China;;;;;False
S;M1;;;;True;False;2;;;;;;;;;True
S;M1;671;163;2;True;False;3;1449;Laffineur;BEL;1. FC Köln 01/07 e.V.;;;;;False
S;M1;871;130;1;True;False;4;1163;Aida;JPN;Japan;;;;;False
S;M1;867;134;1;True;False;5;1168;Rassenfosse;BEL;TTC Schwalbe Bergneustadt;;;;;False
S;M1;630;37;3;True;False;6;1501;Seo;KOR;South Korea (Republic);;;;;False
S;M1;599;68;3;True;False;7;1551;Pantoja;ESP;TTC 1957 Lampertheim;;;;;False
S;M1;934;67;1;True;False;8;1079;Wong;HKG;TTC RhönSprudel Fulda-Maberzell;;;;;False
S;M1;930;71;1;True;False;9;1084;Redzimski;POL;Poland;;;;;False
S;M1;586;81;3;True;False;10;1572;Dinh;VIE;Vietnam;;;;;False
S;M1;560;107;3;True;False;11;1607;Eriksson;SWE;Sportverein Union Velbert 2011 e.V.;;;;;False
S;M1;862;139;1;True;False;12;1173;Ionescu;ROU;Post SV Mühlhausen 1951 e.V.;;;;;False
S;M1;857;144;1;True;False;13;1178;Jarvis;GBR;ASC Grünwettersbach;;;;;False
S;M1;660;7;3;True;False;14;1464;Naranjo;PUR;Puerto Rico;;;;;False
S;M1;635;32;3;True;False;15;1493;Baek;KOR;South Korea (Republic);;;;;False
S;M1;967;34;1;True;False;16;1039;Sidorenko;RUS;Russia;;;;;False
S;M1;963;38;1;True;False;17;1045;Lind;DEN;BV Borussia 09 Dortmund;;;;;False
S;M1;547;120;3;True;False;18;1622;Srivastava;IND;ASC Grünwettersbach;;;;;False
S;M1;535;132;3;True;False;19;1637;Hoffmann;HUN;SV Helfendorf;;;;;False
S;M1;854;147;1;True;False;20;1182;Shams;IRI;Iran;;;;;False
S;M1;848;153;1;True;False;21;1188;Szudi;HUN;BV Borussia 09 Dortmund;;;;;False
S;M1;750;84;2;True;False;22;1341;Wong;MAS;Malaysia;;;;;False
S;M1;773;61;2;True;False;23;1303;Jang;KOR;South Korea (Republic);;;;;False
S;M1;926;75;1;True;False;24;1089;Ruiz;FRA;TTC Schwalbe Bergneustadt;;;;;False
S;M1;923;78;1;True;False;25;1092;Boll;GER;Borussia Düsseldorf;;;;;False
S;M1;669;165;2;True;False;26;1451;Sanguansin;THA;Thailand;;;;;False
S;M1;817;17;2;True;False;27;1235;Ham;PRK;North Korea (DPR);;;;;False
S;M1;844;157;1;True;False;28;1192;Chang;TPE;ASC Grünwettersbach;;;;;False
S;M1;842;159;1;True;False;29;1200;Ranefur;SWE;Sportverein Union Velbert 2011 e.V.;;;;;False
S;M1;590;77;3;True;False;30;1566;Michna;POL;Poland;;;;;False
S;M1;506;161;3;True;False;31;1681;Chang;TPE;Austria;;;;;False
S;M1;983;18;1;True;False;32;1021;Togami;JPN;TTF Liebherr Ochsenhausen;;;;;False
S;M1;979;22;1;True;False;33;1025;Liu;CHN;China;;;;;False
S;M1;651;16;3;True;False;34;1477;Cheng;TPE;Taiwan;;;;;False
S;M1;765;69;2;True;False;35;1315;Meissner;GER;1. FC Saarbrücken-TT;;;;;False
S;M1;839;162;1;True;False;36;1206;Bourrassaud;FRA;France;;;;;False
S;M1;834;167;1;True;False;37;1211;Olah;FIN;Finland;;;;;False
S;M1;597;70;3;True;False;38;1556;Watanabe;JPN;Japan;;;;;False
S;M1;623;44;3;True;False;39;1512;Chang;TPE;Taiwan;;;;;False
S;M1;918;83;1;True;False;40;1099;Liang;CHN;China;;;;;False
S;M1;915;86;1;True;False;41;1102;Hamada;JPN;Japan;;;;;False
S;M1;557;110;3;True;False;42;1610;Bottroff;GER;BV Borussia 09 Dortmund;;;;;False
S;M1;826;8;2;True;False;43;1221;Kwon;KOR;TTC SR Hohenstein-Ernstthal;;;;;False
S;M1;745;89;2;True;False;44;1347;Nuytinck;BEL;BV Borussia 09 Dortmund;;;;;False
S;M1;619;48;3;True;False;45;1524;Angelakis;GRE;TTC Oggersheim;;;;;False
S;M1;701;133;2;True;False;46;1409;Yiu;HKG;Hongkong;;;;;False
S;M1;591;76;3;True;False;47;1565;Tsai;TPE;Taiwan;;;;;False
S;M1;959;42;1;True;False;48;1051;Pucar;CRO;Russia;;;;;False
S;M1;955;46;1;True;False;49;1056;Park;KOR;TSV Windsbach;;;;;False
S;M1;810;24;2;True;False;50;1246;Tikhonov;RUS;Russia;;;;;False
S;M1;531;136;3;True;False;51;1645;Fruchart;FRA;France;;;;;False
S;M1;781;53;2;True;False;52;1294;Putuntica;MDA;TTC Waldniel;;;;;False
S;M1;832;2;2;True;False;53;1213;Kozul;SLO;Slovenia;;;;;False
S;M1;522;145;3;True;False;54;1656;Chandra;IND;TTC Waldniel;;;;;False
S;M1;686;148;2;True;False;55;1431;Cheaib;GER;DJK Sportbund Stuttgart;;;;;False
S;M1;909;92;1;True;False;56;1110;Shah;IND;TTC Schwalbe Bergneustadt;;;;;False
S;M1;907;94;1;True;False;57;1112;Zeng;CHN;China;;;;;False
S;M1;564;103;3;True;False;58;1602;Pető;SRB;Hungary;;;;;False
S;M1;734;100;2;True;False;59;1364;Oyebode;ITA;1. FC Köln 01/07 e.V.;;;;;False
S;M1;642;25;3;True;False;60;1486;Lambiet;BEL;Belgium;;;;;False
S;M1;723;111;2;True;False;61;1377;Lebesson;FRA;SV Motor 1951 Falkensee;;;;;False
S;M1;806;28;2;True;False;62;1251;Kojic;CRO;Croatia;;;;;False
S;M1;;;;True;False;63;;;;;;;;;True
S;M1;992;9;1;True;False;64;1010;Jang;KOR;South Korea (Republic);;;;;False
S;M1;987;14;1;True;False;65;1016;Yeboah;GHA;Ghana;;;;;False
S;M1;611;56;3;True;False;66;1537;Makarov;RUS;Russia;;;;;False
S;M1;507;160;3;True;False;67;1679;Hsu;TPE;Taiwan;;;;;False
S;M1;646;21;3;True;False;68;1482;Sanchi;ITA;Austria;;;;;False
S;M1;576;91;3;True;False;69;1585;Semenov;RUS;Russia;;;;;False
S;M1;730;104;2;True;False;70;1369;Haug;NOR;Borussia Düsseldorf;;;;;False
S;M1;545;122;3;True;False;71;1625;Chew;SGP;Singapore;;;;;False
S;M1;903;98;1;True;False;72;1118;Robles;ESP;TTF Liebherr Ochsenhausen;;;;;False
S;M1;899;102;1;True;False;73;1123;Li;CHN;China;;;;;False
S;M1;570;97;3;True;False;74;1593;Long;CHN;China;;;;;False
S;M1;795;39;2;True;False;75;1271;Hao-Jen;TPE;TTC Fortuna Passau;;;;;False
S;M1;782;52;2;True;False;76;1291;Kobayashi;JPN;Japan;;;;;False
S;M1;733;101;2;True;False;77;1366;Zhou;CHN;China;;;;;False
S;M1;622;45;3;True;False;78;1514;Pletea;ROU;Hertha BSC;;;;;False
S;M1;603;64;3;True;False;79;1547;Limonov;UKR;Sportverein Union Velbert 2011 e.V.;;;;;False
S;M1;951;50;1;True;False;80;1060;Zhou;CHN;TSV Windsbach;;;;;False
S;M1;947;54;1;True;False;81;1064;Kawakami;JPN;Japan;;;;;False
S;M1;579;88;3;True;False;82;1581;Ma;KOR;South Korea (Republic);;;;;False
S;M1;787;47;2;True;False;83;1286;Hodaei;IRI;France;;;;;False
S;M1;682;152;2;True;False;84;1437;Iizuka Kenzo;BRA;TTF Liebherr Ochsenhausen;;;;;False
S;M1;663;4;3;True;False;85;1460;Baek;KOR;South Korea (Republic);;;;;False
S;M1;774;60;2;True;False;86;1302;Suzuki;JPN;TTF Liebherr Ochsenhausen;;;;;False
S;M1;543;124;3;True;False;87;1627;Källberg;SWE;MTV Jever;;;;;False
S;M1;895;106;1;True;False;88;1130;de Nodrest;FRA;TTC Schwalbe Bergneustadt;;;;;False
S;M1;889;112;1;True;False;89;1138;Jancarik;CZE;France;;;;;False
S;M1;655;12;3;True;False;90;1470;Samokhin;RUS;Russia;;;;;False
S;M1;805;29;2;True;False;91;1252;Ishiy;BRA;Brazil;;;;;False
S;M1;610;57;3;True;False;92;1539;Chen;POR;Tischtennis Frickenhausen;;;;;False
S;M1;574;93;3;True;False;93;1587;Li;HKG;Hongkong;;;;;False
S;M1;679;155;2;True;False;94;1440;Kotowski;POL;TSV Schöppenstedt;;;;;False
S;M1;755;79;2;True;False;95;1333;Tsai;TPE;Taiwan;;;;;False
S;M1;975;26;1;True;False;96;1030;Franziska;GER;1. FC Saarbrücken-TT;;;;;False
S;M1;971;30;1;True;False;97;1034;Chen;CHN;China;;;;;False
S;M1;517;150;3;True;False;98;1663;Junindra;INA;Indonesia;;;;;False
S;M1;823;11;2;True;False;99;1225;Bardet;FRA;France;;;;;False
S;M1;525;142;3;True;False;100;1653;Cioti;ROU;Sportverein Union Velbert 2011 e.V.;;;;;False
S;M1;793;41;2;True;False;101;1275;Sipos;ROU;1. FSV Mainz 05 e. V.;;;;;False
S;M1;706;128;2;True;False;102;1401;Alto;ARG;TSV Windsbach;;;;;False
S;M1;513;154;3;True;False;103;1669;Lillo;ESP;1. FSV Mainz 05 e. V.;;;;;False
S;M1;887;114;1;True;False;104;1140;Mladenovic;LUX;TTC Zugbrücke Grenzau;;;;;False
S;M1;882;119;1;True;False;105;1145;Stumper;GER;Post SV Mühlhausen 1951 e.V.;;;;;False
S;M1;631;36;3;True;False;106;1500;Kurmangaliyev;KAZ;TTC SR Hohenstein-Ernstthal;;;;;False
S;M1;717;117;2;True;False;107;1387;Pang;SGP;TTC GW Bad Hamm;;;;;False
S;M1;801;33;2;True;False;108;1262;Hu;CHN;China;;;;;False
S;M1;705;129;2;True;False;109;1402;Faso;ITA;Italy;;;;;False
S;M1;551;116;3;True;False;110;1617;Blaszczyk;POL;Poland;;;;;False
S;M1;761;73;2;True;False;111;1323;El-Beiali;EGY;Egypt;;;;;False
S;M1;943;58;1;True;False;112;1069;Sun;CHN;China;;;;;False
S;M1;938;63;1;True;False;113;1075;Luo;CHN;China;;;;;False
S;M1;697;137;2;True;False;114;1417;Jean;BEL;Belgium;;;;;False
S;M1;685;149;2;True;False;115;1432;Chen;AUT;TSV Windsbach;;;;;False
S;M1;693;141;2;True;False;116;1421;Kinz-Presslmayer;AUT;Austria;;;;;False
S;M1;739;95;2;True;False;117;1355;Lin;TPE;Taiwan;;;;;False
S;M1;647;20;3;True;False;118;1481;Oehme;GER;TTC OE Clarity Telefonie-Systeme Bad Homburg e.V.;;;;;False
S;M1;529;138;3;True;False;119;1648;Sawada;JPN;Japan;;;;;False
S;M1;876;125;1;True;False;120;1154;Woo;KOR;South Korea (Republic);;;;;False
S;M1;875;126;1;True;False;121;1158;Sakai;JPN;Japan;;;;;False
S;M1;769;65;2;True;False;122;1307;Burgos;CHI;MTV Jever;;;;;False
S;M1;726;108;2;True;False;123;1373;Stoyanov;ITA;Italy;;;;;False
S;M1;752;82;2;True;False;124;1337;Bhattacharjee;IND;India;;;;;False
S;M1;713;121;2;True;False;125;1392;Zalewski;POL;Poland;;;;;False
S;M1;821;13;2;True;False;126;1227;Walther;GER;ASC Grünwettersbach;;;;;False
S;M1;;;;True;False;127;;;;;;;;;True
S;M1;995;6;1;True;False;128;1006;Lin;TPE;Japan;;;;;False
S;M1;996;5;1;True;False;129;1005;Matsushima;JPN;Japan;;;;;False
S;M1;;;;True;False;130;;;;;;;;;True
S;M1;639;28;3;True;False;131;1489;Istrate;ROU;Austria;;;;;False
S;M1;870;131;1;True;False;132;1164;Li;CHN;Borussia Düsseldorf;;;;;False
S;M1;866;135;1;True;False;133;1169;Cifuentes;ARG;Argentina;;;;;False
S;M1;585;82;3;True;False;134;1574;Afanador;PUR;France;;;;;False
S;M1;512;155;3;True;False;135;1672;Kanamitsu;JPN;TTC GW Bad Hamm;;;;;False
S;M1;935;66;1;True;False;136;1078;Xu;CHN;China;;;;;False
S;M1;929;72;1;True;False;137;1085;Tanaka;JPN;France;;;;;False
S;M1;818;16;2;True;False;138;1231;Aguirre;ITA;SV Werder Bremen;;;;;False
S;M1;563;104;3;True;False;139;1603;Gündüz;TUR;Turkey;;;;;False
S;M1;861;140;1;True;False;140;1174;Dorr;FRA;France;;;;;False
S;M1;858;143;1;True;False;141;1177;Kim;KOR;South Korea (Republic);;;;;False
S;M1;594;73;3;True;False;142;1560;Sanni;NGR;Nigeria;;;;;False
S;M1;659;8;3;True;False;143;1465;Lam;FRA;1. FSV Mainz 05 e. V.;;;;;False
S;M1;966;35;1;True;False;144;1040;Zhai;CHN;China;;;;;False
S;M1;961;40;1;True;False;145;1049;Huang;CHN;China;;;;;False
S;M1;638;29;3;True;False;146;1490;Green;GBR;TTC immoXone Bietigheim-Bissingen;;;;;False
S;M1;602;65;3;True;False;147;1548;Cheng;TPE;Taiwan;;;;;False
S;M1;855;146;1;True;False;148;1181;Chirita;ROU;TTF Liebherr Ochsenhausen;;;;;False
S;M1;850;151;1;True;False;149;1186;Tang;CHN;China;;;;;False
S;M1;515;152;3;True;False;150;1666;Valenta;CZE;TV 1879 Hilpoltstein;;;;;False
S;M1;698;136;2;True;False;151;1416;Mino;GER;BV Borussia 09 Dortmund;;;;;False
S;M1;927;74;1;True;False;152;1087;Kizukuri;JPN;Japan;;;;;False
S;M1;921;80;1;True;False;153;1094;Gionis;GRE;TTC Oggersheim;;;;;False
S;M1;634;33;3;True;False;154;1495;Anthony;IND;India;;;;;False
S;M1;546;121;3;True;False;155;1623;De Las Heras;ESP;Spain;;;;;False
S;M1;845;156;1;True;False;156;1191;Quek;SGP;Singapore;;;;;False
S;M1;843;158;1;True;False;157;1195;Suzuki;JPN;Japan;;;;;False
S;M1;656;11;3;True;False;158;1469;Lin;TPE;Taiwan;;;;;False
S;M1;502;165;3;True;False;159;1687;Shetty;IND;India;;;;;False
S;M1;982;19;1;True;False;160;1022;Coton;FRA;France;;;;;False
S;M1;978;23;1;True;False;161;1027;Xiang;CHN;China;;;;;False
S;M1;766;68;2;True;False;162;1314;Ono;JPN;Japan;;;;;False
S;M1;673;161;2;True;False;163;1447;Yeom;KOR;South Korea (Republic);;;;;False
S;M1;837;164;1;True;False;164;1208;Nakano;JPN;Japan;;;;;False
S;M1;835;166;1;True;False;165;1210;Habesohn;AUT;TSV Bad Königshofen;;;;;False
S;M1;724;110;2;True;False;166;1376;Szocs;ROU;Romania;;;;;False
S;M1;743;91;2;True;False;167;1349;Abbasi;IRI;Iran;;;;;False
S;M1;916;85;1;True;False;168;1101;Cho;KOR;South Korea (Republic);;;;;False
S;M1;914;87;1;True;False;169;1103;Feng;TPE;TTC Zugbrücke Grenzau;;;;;False
S;M1;628;39;3;True;False;170;1504;Velichkov;BUL;Sportverein Union Velbert 2011 e.V.;;;;;False
S;M1;650;17;3;True;False;171;1478;Tseng;TPE;TTC SR Hohenstein-Ernstthal;;;;;False
S;M1;778;56;2;True;False;172;1297;Hua;CHN;China;;;;;False
S;M1;737;97;2;True;False;173;1358;Teodoro;BRA;Brazil;;;;;False
S;M1;556;111;3;True;False;174;1611;Amato;ITA;Sportverein Union Velbert 2011 e.V.;;;;;False
S;M1;607;60;3;True;False;175;1542;Chao;TPE;Taiwan;;;;;False
S;M1;958;43;1;True;False;176;1052;Gerassimenko;KAZ;SV Werder Bremen;;;;;False
S;M1;952;49;1;True;False;177;1059;Poret;FRA;TTC RhönSprudel Fulda-Maberzell;;;;;False
S;M1;689;145;2;True;False;178;1425;Sirucek;CZE;Czech Republic;;;;;False
S;M1;746;88;2;True;False;179;1345;Berzosa;ESP;1. FSV Mainz 05 e. V.;;;;;False
S;M1;583;84;3;True;False;180;1576;Zhang;USA;TTC GW Bad Hamm;;;;;False
S;M1;710;124;2;True;False;181;1395;Ghosh;IND;India;;;;;False
S;M1;797;37;2;True;False;182;1268;Zeljko;CRO;TSV Bad Königshofen;;;;;False
S;M1;567;100;3;True;False;183;1599;Moon;KOR;South Korea (Republic);;;;;False
S;M1;911;90;1;True;False;184;1107;Yu;CHN;TTC RhönSprudel Fulda-Maberzell;;;;;False
S;M1;905;96;1;True;False;185;1116;Apolonia;POR;ASC Grünwettersbach;;;;;False
S;M1;615;52;3;True;False;186;1532;Sun;TPE;1. FSV Mainz 05 e. V.;;;;;False
S;M1;614;53;3;True;False;187;1533;Walker;GBR;TTC Zugbrücke Grenzau;;;;;False
S;M1;757;77;2;True;False;188;1331;Allegro;BEL;TTC Zugbrücke Grenzau;;;;;False
S;M1;786;48;2;True;False;189;1287;Lam;HKG;TTC RhönSprudel Fulda-Maberzell;;;;;False
S;M1;822;12;2;True;False;190;1226;Zhou;CHN;China;;;;;False
S;M1;;;;True;False;191;;;;;;;;;True
S;M1;991;10;1;True;False;192;1011;Calderano;POR;TTF Liebherr Ochsenhausen;;;;;False
S;M1;986;15;1;True;False;193;1018;Zhou;CHN;China;;;;;False
S;M1;620;47;3;True;False;194;1522;Ivonin;RUS;Russia;;;;;False
S;M1;530;137;3;True;False;195;1647;Cho;KOR;South Korea (Republic);;;;;False
S;M1;718;116;2;True;False;196;1386;Hsiao;TPE;Taiwan;;;;;False
S;M1;753;81;2;True;False;197;1335;Grebnev;RUS;SSV Ulm 1846;;;;;False
S;M1;770;64;2;True;False;198;1306;Noda;JPN;TTC immoXone Bietigheim-Bissingen;;;;;False
S;M1;534;133;3;True;False;199;1639;Valuch;SVK;TTC immoXone Bietigheim-Bissingen;;;;;False
S;M1;902;99;1;True;False;200;1120;Assar;SWE;Egypt;;;;;False
S;M1;896;105;1;True;False;201;1128;Verdonschot;GER;Sportverein Union Velbert 2011 e.V.;;;;;False
S;M1;588;79;3;True;False;202;1569;Levajac;SRB;Serbia;;;;;False
S;M1;684;150;2;True;False;203;1435;Turrini;ITA;TSG Kaiserslautern;;;;;False
S;M1;777;57;2;True;False;204;1298;Faraji;IRI;Sportverein Union Velbert 2011 e.V.;;;;;False
S;M1;692;142;2;True;False;205;1422;Li;USA;USA;;;;;False
S;M1;712;122;2;True;False;206;1393;Kouraichi;FRA;France;;;;;False
S;M1;572;95;3;True;False;207;1590;Chodorski;POL;SV Kubschütz;;;;;False
S;M1;950;51;1;True;False;208;1061;Shinozuka;JPN;ASC Grünwettersbach;;;;;False
S;M1;946;55;1;True;False;209;1065;Ueda;JPN;TSV Bad Königshofen;;;;;False
S;M1;643;24;3;True;False;210;1485;Flemming;GER;TV 1879 Hilpoltstein;;;;;False
S;M1;741;93;2;True;False;211;1352;Chen;TPE;Taiwan;;;;;False
S;M1;814;20;2;True;False;212;1241;Yazdanbakhsh;IRI;Iran;;;;;False
S;M1;539;128;3;True;False;213;1632;Laine-Campino;FRA;France;;;;;False
S;M1;526;141;3;True;False;214;1652;Schreyer;GER;Post SV Mühlhausen 1951 e.V.;;;;;False
S;M1;827;7;2;True;False;215;1219;Ban;CRO;TTC OE Clarity Telefonie-Systeme Bad Homburg e.V.;;;;;False
S;M1;892;109;1;True;False;216;1135;Freitas;POR;Post SV Mühlhausen 1951 e.V.;;;;;False
S;M1;888;113;1;True;False;217;1139;Bertrand;FRA;SV Werder Bremen;;;;;False
S;M1;504;163;3;True;False;218;1685;Garello;ITA;Italy;;;;;False
S;M1;798;36;2;True;False;219;1267;Li;CHN;China;;;;;False
S;M1;802;32;2;True;False;220;1260;Schweiger;GER;TSV Windsbach;;;;;False
S;M1;606;61;3;True;False;221;1543;Medina Blanco;VEN;Venezuela;;;;;False
S;M1;674;160;2;True;False;222;1446;Wang;CHN;1. FC Saarbrücken-TT;;;;;False
S;M1;578;89;3;True;False;223;1582;Ishida;BRA;Brazil;;;;;False
S;M1;974;27;1;True;False;224;1031;Ovtcharov;GER;TTC RhönSprudel Fulda-Maberzell;;;;;False
S;M1;970;31;1;True;False;225;1035;Källberg;SWE;Borussia Düsseldorf;;;;;False
S;M1;813;21;2;True;False;226;1242;Majoros;HUN;Hungary;;;;;False
S;M1;758;76;2;True;False;227;1326;Ho;HKG;Hongkong;;;;;False
S;M1;518;149;3;True;False;228;1662;Liu;TPE;SV DJK Eggolsheim;;;;;False
S;M1;809;25;2;True;False;229;1247;Han;KOR;South Korea (Republic);;;;;False
S;M1;566;101;3;True;False;230;1600;Jain;IND;TTC 1946 Weinheim e.V.;;;;;False
S;M1;830;4;2;True;False;231;1215;Liao;TPE;Post SV Mühlhausen 1951 e.V.;;;;;False
S;M1;886;115;1;True;False;232;1141;Fei;CHN;China;;;;;False
S;M1;883;118;1;True;False;233;1144;Badowski;POL;Poland;;;;;False
S;M1;538;129;3;True;False;234;1633;Szantosi;HUN;SV Motor 1951 Falkensee;;;;;False
S;M1;519;148;3;True;False;235;1660;Yang;TPE;TTF Illtal;;;;;False
S;M1;714;120;2;True;False;236;1391;Asazu;JPN;Japan;;;;;False
S;M1;789;45;2;True;False;237;1284;Katsman;RUS;Russia;;;;;False
S;M1;626;41;3;True;False;238;1507;Tsai;TPE;Taiwan;;;;;False
S;M1;598;69;3;True;False;239;1553;Alabbad;KSA;Saudi Arabia;;;;;False
S;M1;942;59;1;True;False;240;1070;Kuo;TPE;Taiwan;;;;;False
S;M1;939;62;1;True;False;241;1074;Park;KOR;South Korea (Republic);;;;;False
S;M1;654;13;3;True;False;242;1473;Devos;BEL;TTC indeland Jülich e.V.;;;;;False
S;M1;702;132;2;True;False;243;1408;Devos;BEL;TTC indeland Jülich e.V.;;;;;False
S;M1;731;103;2;True;False;244;1368;Kubik;POL;TTC Zugbrücke Grenzau;;;;;False
S;M1;764;70;2;True;False;245;1316;Mutti;ITA;Italy;;;;;False
S;M1;550;117;3;True;False;246;1618;Chua;SGP;Singapore;;;;;False
S;M1;790;44;2;True;False;247;1283;Wu;USA;USA;;;;;False
S;M1;878;123;1;True;False;248;1152;Wang;GER;TSG Kaiserslautern;;;;;False
S;M1;874;127;1;True;False;249;1159;Gnanasekaran;IND;India;;;;;False
S;M1;665;2;3;True;False;250;1458;Suganuma;JPN;Japan;;;;;False
S;M1;696;138;2;True;False;251;1418;Baggaley;GBR;TTC SR Hohenstein-Ernstthal;;;;;False
S;M1;680;154;2;True;False;252;1439;Lorenzo;ITA;Italy;;;;;False
S;M1;727;107;2;True;False;253;1372;Sugiura;JPN;Japan;;;;;False
S;M1;559;108;3;True;False;254;1608;Orlov;RUS;Russia;;;;;False
S;M1;;;;True;False;255;;;;;;;;;True
S;M1;998;3;1;True;False;256;1003;Ma;CHN;China;;;;;False
S;M1;997;4;1;True;False;257;1004;Lebrun;FRA;France;;;;;False
S;M1;;;;True;False;258;;;;;;;;;True
S;M1;644;23;3;True;False;259;1484;Wang;CHN;China;;;;;False
S;M1;869;132;1;True;False;260;1166;Ma;USA;USA;;;;;False
S;M1;865;136;1;True;False;261;1170;Matsudaira;JPN;Japan;;;;;False
S;M1;520;147;3;True;False;262;1658;Adamiak;POL;Poland;;;;;False
S;M1;668;166;2;True;False;263;1452;Jeong;KOR;South Korea (Republic);;;;;False
S;M1;932;69;1;True;False;264;1082;Seyfried;FRA;SV Motor 1951 Falkensee;;;;;False
S;M1;931;70;1;True;False;265;1083;Geraldo;POR;France;;;;;False
S;M1;776;58;2;True;False;266;1299;Betelu;FRA;France;;;;;False
S;M1;632;35;3;True;False;267;1498;Abe;JPN;Japan;;;;;False
S;M1;863;138;1;True;False;268;1172;Quan;CHN;China;;;;;False
S;M1;859;142;1;True;False;269;1176;Ouaiche;FRA;France;;;;;False
S;M1;500;167;3;True;False;270;1689;Akhmetsafin;RUS;TTC immoXone Bietigheim-Bissingen;;;;;False
S;M1;621;46;3;True;False;271;1521;Asami;JPN;Japan;;;;;False
S;M1;965;36;1;True;False;272;1041;An;KOR;South Korea (Republic);;;;;False
S;M1;962;39;1;True;False;273;1048;Kao;TPE;TTC RhönSprudel Fulda-Maberzell;;;;;False
S;M1;709;125;2;True;False;274;1397;Diaw;FRA;France;;;;;False
S;M1;732;102;2;True;False;275;1367;Igarashi;JPN;Japan;;;;;False
S;M1;852;149;1;True;False;276;1184;Kang;CHN;China;;;;;False
S;M1;849;152;1;True;False;277;1187;Yoshida;JPN;Japan;;;;;False
S;M1;792;42;2;True;False;278;1280;Henzell;AUS;ASC Grünwettersbach;;;;;False
S;M1;558;109;3;True;False;279;1609;Huang;TPE;Taiwan;;;;;False
S;M1;925;76;1;True;False;280;1090;Steger;GER;TSV Bad Königshofen;;;;;False
S;M1;920;81;1;True;False;281;1096;Andras;HUN;TTC OE Clarity Telefonie-Systeme Bad Homburg e.V.;;;;;False
S;M1;503;164;3;True;False;282;1686;Boboye;NGR;Nigeria;;;;;False
S;M1;768;66;2;True;False;283;1310;Lee;KOR;South Korea (Republic);;;;;False
S;M1;846;155;1;True;False;284;1190;Carvalho;POR;Portugal;;;;;False
S;M1;840;161;1;True;False;285;1203;Yu;HKG;Hongkong;;;;;False
S;M1;636;31;3;True;False;286;1492;Lee;KOR;South Korea (Republic);;;;;False
S;M1;608;59;3;True;False;287;1541;Vilardell;ESP;1. FSV Mainz 05 e. V.;;;;;False
S;M1;981;20;1;True;False;288;1023;Qiu;GER;Borussia Düsseldorf;;;;;False
S;M1;977;24;1;True;False;289;1028;Ning;CHN;China;;;;;False
S;M1;553;114;3;True;False;290;1615;Yang;TPE;Taiwan;;;;;False
S;M1;528;139;3;True;False;291;1649;Masoumi;IRI;DJK Franz-Sales-Haus Essen;;;;;False
S;M1;836;165;1;True;False;292;1209;Perez;ESP;TTC OE Clarity Telefonie-Systeme Bad Homburg e.V.;;;;;False
S;M1;627;40;3;True;False;293;1506;Liang;USA;USA;;;;;False
S;M1;828;6;2;True;False;294;1218;Desai;IND;France;;;;;False
S;M1;672;162;2;True;False;295;1448;Pang;MAS;Malaysia;;;;;False
S;M1;917;84;1;True;False;296;1100;Yuan;CHN;China;;;;;False
S;M1;913;88;1;True;False;297;1105;Ursu;MDA;Moldova;;;;;False
S;M1;657;10;3;True;False;298;1467;Tokuda;JPN;Japan;;;;;False
S;M1;592;75;3;True;False;299;1562;Hardmeier;SUI;DJK SpVgg Effeltrich;;;;;False
S;M1;514;153;3;True;False;300;1667;Rakotoarimanana;FRA;France;;;;;False
S;M1;719;115;2;True;False;301;1384;Pradhivadhi Bhayankaram;IND;India;;;;;False
S;M1;779;55;2;True;False;302;1296;Movileanu;ROU;Romania;;;;;False
S;M1;582;85;3;True;False;303;1578;Yang;TPE;1. FC Köln 01/07 e.V.;;;;;False
S;M1;957;44;1;True;False;304;1053;Uda;JPN;Japan;;;;;False
S;M1;954;47;1;True;False;305;1057;Alamiyan;IRI;Iran;;;;;False
S;M1;575;92;3;True;False;306;1586;Sourav;IND;Gießener SV;;;;;False
S;M1;589;78;3;True;False;307;1568;Cho;KOR;South Korea (Republic);;;;;False
S;M1;738;96;2;True;False;308;1356;Zhang;USA;USA;;;;;False
S;M1;808;26;2;True;False;309;1249;Baum;GER;TTC Zugbrücke Grenzau;;;;;False
S;M1;708;126;2;True;False;310;1398;Mori;JPN;Japan;;;;;False
S;M1;540;127;3;True;False;311;1631;Noirault;FRA;France;;;;;False
S;M1;908;93;1;True;False;312;1111;Cassin;FRA;TTC RhönSprudel Fulda-Maberzell;;;;;False
S;M1;904;97;1;True;False;313;1117;Oikawa;JPN;Japan;;;;;False
S;M1;676;158;2;True;False;314;1444;Gomez;CHI;Chile;;;;;False
S;M1;812;22;2;True;False;315;1243;Kim;KOR;South Korea (Republic);;;;;False
S;M1;800;34;2;True;False;316;1263;Wang;CAN;Canada;;;;;False
S;M1;688;146;2;True;False;317;1426;Abiodun;POR;TTF Liebherr Ochsenhausen;;;;;False
S;M1;760;74;2;True;False;318;1324;Tsuboi;BRA;TSV Windsbach;;;;;False
S;M1;;;;True;False;319;;;;;;;;;True
S;M1;990;11;1;True;False;320;1012;Möregårdh;SWE;Sweden;;;;;False
S;M1;985;16;1;True;False;321;1019;Liang;CHN;China;;;;;False
S;M1;548;119;3;True;False;322;1620;Shi;CHN;China;;;;;False
S;M1;544;123;3;True;False;323;1626;Yigenler;TUR;MTV Jever;;;;;False
S;M1;700;134;2;True;False;324;1412;Chen;CHN;China;;;;;False
S;M1;613;54;3;True;False;325;1534;Khanin;BLR;DJK Franz-Sales-Haus Essen;;;;;False
S;M1;772;62;2;True;False;326;1304;Lim;KOR;South Korea (Republic);;;;;False
S;M1;523;144;3;True;False;327;1655;Castro;MEX;TTC 1957 Lampertheim;;;;;False
S;M1;901;100;1;True;False;328;1121;Skachkov;RUS;TTC Waldniel;;;;;False
S;M1;898;103;1;True;False;329;1125;Wang;CHN;China;;;;;False
S;M1;580;87;3;True;False;330;1580;Trevisan;ITA;Italy;;;;;False
S;M1;785;49;2;True;False;331;1288;Hsu;TPE;TTC RhönSprudel Fulda-Maberzell;;;;;False
S;M1;624;43;3;True;False;332;1511;Kwan;HKG;Hongkong;;;;;False
S;M1;825;9;2;True;False;333;1222;Picard;FRA;France;;;;;False
S;M1;648;19;3;True;False;334;1480;Kawakami;JPN;VfR Fehlheim 1929;;;;;False
S;M1;600;67;3;True;False;335;1550;Nunez Tapia;ESP;TTC SR Hohenstein-Ernstthal;;;;;False
S;M1;949;52;1;True;False;336;1062;Xue;CHN;TSV Bad Königshofen;;;;;False
S;M1;945;56;1;True;False;337;1066;Yoshiyama;JPN;Japan;;;;;False
S;M1;704;130;2;True;False;338;1405;Soderlund;SWE;TSV Windsbach;;;;;False
S;M1;754;80;2;True;False;339;1334;Bluhm;GER;1. FC Köln 01/07 e.V.;;;;;False
S;M1;784;50;2;True;False;340;1289;Kang;KOR;South Korea (Republic);;;;;False
S;M1;816;18;2;True;False;341;1239;Matsuyama;JPN;TTC Fortuna Passau;;;;;False
S;M1;804;30;2;True;False;342;1255;Berglund;SWE;BV Borussia 09 Dortmund;;;;;False
S;M1;554;113;3;True;False;343;1614;Rossi;ITA;TTC Oggersheim;;;;;False
S;M1;894;107;1;True;False;344;1133;Chen;TPE;TSV Windsbach;;;;;False
S;M1;891;110;1;True;False;345;1136;Dyjas;POL;Poland;;;;;False
S;M1;595;72;3;True;False;346;1558;Chen;TPE;Taiwan;;;;;False
S;M1;819;15;2;True;False;347;1230;Okano;JPN;Japan;;;;;False
S;M1;744;90;2;True;False;348;1348;Bouloussa;FRA;France;;;;;False
S;M1;735;99;2;True;False;349;1361;Hung;TPE;ASC Grünwettersbach;;;;;False
S;M1;604;63;3;True;False;350;1546;Kobayashi;JPN;Japan;;;;;False
S;M1;662;5;3;True;False;351;1462;Wang;CHN;China;;;;;False
S;M1;973;28;1;True;False;352;1032;Jorgic;SLO;1. FC Saarbrücken-TT;;;;;False
S;M1;969;32;1;True;False;353;1036;Yoshimura;JPN;Japan;;;;;False
S;M1;569;98;3;True;False;354;1597;Vostes;BEL;DJK Franz-Sales-Haus Essen;;;;;False
S;M1;691;143;2;True;False;355;1423;Klein;GER;1. FC Saarbrücken-TT;;;;;False
S;M1;716;118;2;True;False;356;1388;Choi;KOR;South Korea (Republic);;;;;False
S;M1;678;156;2;True;False;357;1441;Gil;KOR;South Korea (Republic);;;;;False
S;M1;763;71;2;True;False;358;1319;Drinkhall;GBR;TSV Windsbach;;;;;False
S;M1;532;135;3;True;False;359;1644;Merchez;BEL;Belgium;;;;;False
S;M1;885;116;1;True;False;360;1142;Gacina;CRO;Croatia;;;;;False
S;M1;881;120;1;True;False;361;1148;Bertelsmeier;GER;TSV Bad Königshofen;;;;;False
S;M1;562;105;3;True;False;362;1604;Puppo;ITA;Italy;;;;;False
S;M1;508;159;3;True;False;363;1678;Perek;POL;TSV Schöppenstedt;;;;;False
S;M1;536;131;3;True;False;364;1636;Kwon;KOR;South Korea (Republic);;;;;False
S;M1;694;140;2;True;False;365;1420;Yefimov;UKR;TTC Fortuna Passau;;;;;False
S;M1;728;106;2;True;False;366;1371;Artemenko;RUS;Russia;;;;;False
S;M1;510;157;3;True;False;367;1674;Cnudde;BEL;1. FC Köln 01/07 e.V.;;;;;False
S;M1;941;60;1;True;False;368;1072;Xu;CHN;China;;;;;False
S;M1;937;64;1;True;False;369;1076;Zhao;CHN;China;;;;;False
S;M1;573;94;3;True;False;370;1589;Lee;KOR;South Korea (Republic);;;;;False
S;M1;683;151;2;True;False;371;1436;Sgouropoulos;GRE;Sportverein Union Velbert 2011 e.V.;;;;;False
S;M1;748;86;2;True;False;372;1343;Floritz;GER;Oldenburger TB;;;;;False
S;M1;653;14;3;True;False;373;1474;Tsuboi;JPN;TTC OE Clarity Telefonie-Systeme Bad Homburg e.V.;;;;;False
S;M1;751;83;2;True;False;374;1338;Ito;JPN;Japan;;;;;False
S;M1;722;112;2;True;False;375;1378;Zhmudenko;UKR;Oldenburger TB;;;;;False
S;M1;879;122;1;True;False;376;1150;Ionescu;ROU;1. FC Saarbrücken-TT;;;;;False
S;M1;873;128;1;True;False;377;1160;Wang;SVK;Slovak Republic;;;;;False
S;M1;616;51;3;True;False;378;1529;Hoshi;JPN;DJK SpVgg Effeltrich;;;;;False
S;M1;796;38;2;True;False;379;1269;Li;TPE;Oldenburger TB;;;;;False
S;M1;664;3;3;True;False;380;1459;Kosiba;HUN;TuS Makkabi Frankfurt;;;;;False
S;M1;640;27;3;True;False;381;1488;Madrid;MEX;Mexico;;;;;False
S;M1;833;1;2;True;False;382;1212;Achanta;IND;Borussia Düsseldorf;;;;;False
S;M1;;;;True;False;383;;;;;;;;;True
S;M1;993;8;1;True;False;384;1009;Lin;CHN;China;;;;;False
S;M1;994;7;1;True;False;385;1008;Harimoto;JPN;Japan;;;;;False
S;M1;;;;True;False;386;;;;;;;;;True
S;M1;658;9;3;True;False;387;1466;Shih;TPE;Taiwan;;;;;False
S;M1;872;129;1;True;False;388;1161;Huang;TPE;ASC Grünwettersbach;;;;;False
S;M1;868;133;1;True;False;389;1167;Filus;GER;TTC RhönSprudel Fulda-Maberzell;;;;;False
S;M1;720;114;2;True;False;390;1383;Fedotov;RUS;TV 1879 Hilpoltstein;;;;;False
S;M1;629;38;3;True;False;391;1502;Danzer;GER;TV 1879 Hilpoltstein;;;;;False
S;M1;936;65;1;True;False;392;1077;Lim;KOR;South Korea (Republic);;;;;False
S;M1;933;68;1;True;False;393;1080;Niu;CHN;China;;;;;False
S;M1;831;3;2;True;False;394;1214;Bobocica;ITA;TTC Zugbrücke Grenzau;;;;;False
S;M1;549;118;3;True;False;395;1619;Su;TPE;SV DJK Eggolsheim;;;;;False
S;M1;864;137;1;True;False;396;1171;Kim;KOR;South Korea (Republic);;;;;False
S;M1;860;141;1;True;False;397;1175;Akkuzu;FRA;TTC OE Clarity Telefonie-Systeme Bad Homburg e.V.;;;;;False
S;M1;565;102;3;True;False;398;1601;Assar;EGY;Egypt;;;;;False
S;M1;695;139;2;True;False;399;1419;Suravajjula;IND;TTC indeland Jülich e.V.;;;;;False
S;M1;968;33;1;True;False;400;1038;Oh;KOR;South Korea (Republic);;;;;False
S;M1;964;37;1;True;False;401;1042;Duda;GER;TTC Schwalbe Bergneustadt;;;;;False
S;M1;687;147;2;True;False;402;1427;Choi;KOR;South Korea (Republic);;;;;False
S;M1;505;162;3;True;False;403;1682;Kojima;TPE;Taiwan;;;;;False
S;M1;856;145;1;True;False;404;1179;Alamian;IRI;Iran;;;;;False
S;M1;853;148;1;True;False;405;1183;Folwarski;POL;TSV Windsbach;;;;;False
S;M1;799;35;2;True;False;406;1265;Pereira;CUB;Austria;;;;;False
S;M1;509;158;3;True;False;407;1677;Sareen;AUS;Australia;;;;;False
S;M1;928;73;1;True;False;408;1086;Yoshimura;JPN;Japan;;;;;False
S;M1;924;77;1;True;False;409;1091;Mengel;GER;Post SV Mühlhausen 1951 e.V.;;;;;False
S;M1;829;5;2;True;False;410;1217;Wu;CHN;China;;;;;False
S;M1;552;115;3;True;False;411;1616;Andersen;DEN;TV 1879 Hilpoltstein;;;;;False
S;M1;851;150;1;True;False;412;1185;Yokotani;JPN;TTC OE Clarity Telefonie-Systeme Bad Homburg e.V.;;;;;False
S;M1;847;154;1;True;False;413;1189;Gardos;AUT;SV Motor 1951 Falkensee;;;;;False
S;M1;666;1;3;True;False;414;1455;Karimi;IRI;Eintracht Frankfurt;;;;;False
S;M1;516;151;3;True;False;415;1664;Lengerov;AUT;Austria;;;;;False
S;M1;984;17;1;True;False;416;1020;Lin;CHN;China;;;;;False
S;M1;980;21;1;True;False;417;1024;Lee;KOR;South Korea (Republic);;;;;False
S;M1;568;99;3;True;False;418;1598;Piccolin;ITA;Sportverein Union Velbert 2011 e.V.;;;;;False
S;M1;596;71;3;True;False;419;1557;Yu;TPE;Taiwan;;;;;False
S;M1;841;160;1;True;False;420;1201;Wang;POL;Poland;;;;;False
S;M1;838;163;1;True;False;421;1207;Tanimoto;JPN;Japan;;;;;False
S;M1;649;18;3;True;False;422;1479;Mochida;JPN;Japan;;;;;False
S;M1;593;74;3;True;False;423;1561;Deschamps;FRA;France;;;;;False
S;M1;922;79;1;True;False;424;1093;Falck;SWE;SV Werder Bremen;;;;;False
S;M1;919;82;1;True;False;425;1097;Chuang;TPE;TTC RhönSprudel Fulda-Maberzell;;;;;False
S;M1;561;106;3;True;False;426;1606;Camara;NED;TV Friedeburg;;;;;False
S;M1;771;63;2;True;False;427;1305;Ayanwale;NGR;Nigeria;;;;;False
S;M1;577;90;3;True;False;428;1583;Lee;KOR;South Korea (Republic);;;;;False
S;M1;587;80;3;True;False;429;1570;Campos Valdes;CUB;Sportverein Union Velbert 2011 e.V.;;;;;False
S;M1;711;123;2;True;False;430;1394;Xu;USA;USA;;;;;False
S;M1;609;58;3;True;False;431;1540;Mühlbach;GER;TTC SR Hohenstein-Ernstthal;;;;;False
S;M1;960;41;1;True;False;432;1050;Jha;GER;Borussia Düsseldorf;;;;;False
S;M1;956;45;1;True;False;433;1055;Chen;CHN;China;;;;;False
S;M1;601;66;3;True;False;434;1549;Zelinka;SVK;Slovak Republic;;;;;False
S;M1;541;126;3;True;False;435;1629;Shiba;JPN;1. FSV Mainz 05 e. V.;;;;;False
S;M1;767;67;2;True;False;436;1313;Li;TPE;Austria;;;;;False
S;M1;791;43;2;True;False;437;1282;Lakatos;HUN;Hungary;;;;;False
S;M1;633;34;3;True;False;438;1496;Arcila;COL;Colombia;;;;;False
S;M1;807;27;2;True;False;439;1250;Pistej;SVK;France;;;;;False
S;M1;912;89;1;True;False;440;1106;Dupont;FRA;France;;;;;False
S;M1;910;91;1;True;False;441;1109;Zhao;CHN;TSV Windsbach;;;;;False
S;M1;725;109;2;True;False;442;1374;Okamoto;JPN;Japan;;;;;False
S;M1;803;31;2;True;False;443;1259;Ayoola;NGR;Nigeria;;;;;False
S;M1;690;144;2;True;False;444;1424;Salifou;FRA;MTV Jever;;;;;False
S;M1;707;127;2;True;False;445;1400;Polansky;CZE;Czech Republic;;;;;False
S;M1;501;166;3;True;False;446;1688;Pinto;ITA;TuS Makkabi Frankfurt;;;;;False
S;M1;652;15;3;True;False;447;1476;Hung;TPE;TTC RhönSprudel Fulda-Maberzell;;;;;False
S;M1;989;12;1;True;False;448;1013;Wen;CHN;China;;;;;False
S;M1;988;13;1;True;False;449;1015;Lebrun;FRA;France;;;;;False
S;M1;617;50;3;True;False;450;1526;Wosik;GER;SC Staig;;;;;False
S;M1;742;92;2;True;False;451;1351;Levenko;AUT;TTF Liebherr Ochsenhausen;;;;;False
S;M1;788;46;2;True;False;452;1285;Kumar;USA;USA;;;;;False
S;M1;618;49;3;True;False;453;1525;Rasmussen;DEN;Denmark;;;;;False
S;M1;661;6;3;True;False;454;1463;Abdel-Aziz;EGY;Sportverein Union Velbert 2011 e.V.;;;;;False
S;M1;756;78;2;True;False;455;1332;Rembert;FRA;France;;;;;False
S;M1;906;95;1;True;False;456;1114;Aruna;POR;TTC RhönSprudel Fulda-Maberzell;;;;;False
S;M1;900;101;1;True;False;457;1122;Yan;CHN;Oldenburger TB;;;;;False
S;M1;571;96;3;True;False;458;1591;Wang;TPE;1. FC Köln 01/07 e.V.;;;;;False
S;M1;721;113;2;True;False;459;1379;Kim;KOR;South Korea (Republic);;;;;False
S;M1;681;153;2;True;False;460;1438;Omoda;JPN;1. FC Köln 01/07 e.V.;;;;;False
S;M1;794;40;2;True;False;461;1274;Hagihara;JPN;Japan;;;;;False
S;M1;524;143;3;True;False;462;1654;Moreno Rivera;PUR;TSV Dachau 65;;;;;False
S;M1;521;146;3;True;False;463;1657;Kulczycki;POL;VfR Fehlheim 1929;;;;;False
S;M1;953;48;1;True;False;464;1058;Iwaida;JPN;Japan;;;;;False
S;M1;948;53;1;True;False;465;1063;Muramatsu;JPN;1. FC Saarbrücken-TT;;;;;False
S;M1;555;112;3;True;False;466;1613;Kim;KOR;South Korea (Republic);;;;;False
S;M1;670;164;2;True;False;467;1450;Pal;IND;SC Arminia Ochtrup;;;;;False
S;M1;736;98;2;True;False;468;1360;Brard;FRA;France;;;;;False
S;M1;612;55;3;True;False;469;1536;Burov;RUS;Sportverein Union Velbert 2011 e.V.;;;;;False
S;M1;667;167;2;True;False;470;1454;Kwak;KOR;South Korea (Republic);;;;;False
S;M1;581;86;3;True;False;471;1579;Naumi;FIN;MSV Hettstedt;;;;;False
S;M1;897;104;1;True;False;472;1126;Karlsson;SWE;BV Borussia 09 Dortmund;;;;;False
S;M1;893;108;1;True;False;473;1134;Chan;HKG;Hongkong;;;;;False
S;M1;511;156;3;True;False;474;1673;Bhanja;IND;TTC 75 Mutschelbach e.V.;;;;;False
S;M1;645;22;3;True;False;475;1483;Bhattacharyya;IND;India;;;;;False
S;M1;715;119;2;True;False;476;1390;Jouti;BRA;Brazil;;;;;False
S;M1;775;59;2;True;False;477;1300;Etim;NGR;Nigeria;;;;;False
S;M1;811;23;2;True;False;478;1245;Meng;GER;TTC RhönSprudel Fulda-Maberzell;;;;;False
S;M1;675;159;2;True;False;479;1445;Kim;KOR;TTC SR Hohenstein-Ernstthal;;;;;False
S;M1;976;25;1;True;False;480;1029;Gauzy;FRA;TTF Liebherr Ochsenhausen;;;;;False
S;M1;972;29;1;True;False;481;1033;Huang;CHN;China;;;;;False
S;M1;542;125;3;True;False;482;1628;Park;KOR;South Korea (Republic);;;;;False
S;M1;820;14;2;True;False;483;1228;Rolland;FRA;France;;;;;False
S;M1;740;94;2;True;False;484;1354;Vlasov;RUS;Sportverein Union Velbert 2011 e.V.;;;;;False
S;M1;780;54;2;True;False;485;1295;Monteiro;POR;Russia;;;;;False
S;M1;729;105;2;True;False;486;1370;Wu;DOM;TTC Zugbrücke Grenzau;;;;;False
S;M1;824;10;2;True;False;487;1224;Kulczycki;POL;TSV Schöppenstedt;;;;;False
S;M1;890;111;1;True;False;488;1137;Groth;DEN;TTC RhönSprudel Fulda-Maberzell;;;;;False
S;M1;884;117;1;True;False;489;1143;Thakkar;IND;India;;;;;False
S;M1;783;51;2;True;False;490;1290;Yu;CHN;China;;;;;False
S;M1;703;131;2;True;False;491;1407;Kiho;JPN;TTC Fortuna Passau;;;;;False
S;M1;625;42;3;True;False;492;1510;Ecseki;HUN;Hungary;;;;;False
S;M1;699;135;2;True;False;493;1415;Hippler;GER;ASC Grünwettersbach;;;;;False
S;M1;747;87;2;True;False;494;1344;Tokic;SLO;TSV Windsbach;;;;;False
S;M1;641;26;3;True;False;495;1487;Kolodziejczyk;AUT;Austria;;;;;False
S;M1;944;57;1;True;False;496;1067;Cho;KOR;South Korea (Republic);;;;;False
S;M1;940;61;1;True;False;497;1073;Pitchford;GBR;France;;;;;False
S;M1;605;62;3;True;False;498;1544;Lum;AUS;TTC SR Hohenstein-Ernstthal;;;;;False
S;M1;759;75;2;True;False;499;1325;Kim;KOR;TTC Fortuna Passau;;;;;False
S;M1;677;157;2;True;False;500;1442;Kim;KOR;South Korea (Republic);;;;;False
S;M1;537;130;3;True;False;501;1634;Kulpa;POL;Poland;;;;;False
S;M1;762;72;2;True;False;502;1322;Lee;KOR;South Korea (Republic);;;;;False
S;M1;533;134;3;True;False;503;1640;Vilchez Iglesias;ESP;SC Buschhausen;;;;;False
S;M1;880;121;1;True;False;504;1149;Sun;CHN;China;;;;;False
S;M1;877;124;1;True;False;505;1153;Yoshiyama;JPN;TTC SR Hohenstein-Ernstthal;;;;;False
S;M1;584;83;3;True;False;506;1575;Tanviriyavechakul;THA;Thailand;;;;;False
S;M1;527;140;3;True;False;507;1650;Robertson;GBR;TTC Mühlhausen;;;;;False
S;M1;749;85;2;True;False;508;1342;Umeki;JPN;Japan;;;;;False
S;M1;815;19;2;True;False;509;1240;Yuan;CHN;Sportverein Union Velbert 2011 e.V.;;;;;False
S;M1;637;30;3;True;False;510;1491;Ono;JPN;Japan;;;;;False
S;M1;;;;True;False;511;;;;;;;;;True
S;M1;999;2;1;True;False;512;1002;Fan;CHN;1. FC Saarbrücken-TT;;;;;False
S;M1;499;1;4;False;True;1;1690;Filimon;ROU;Romania;;;;;False
S;M1;;;;False;True;2;;;;;;;;;True
S;M1;154;12;6;False;True;3;2247;Rahimi;IRI;Eintracht Frankfurt;;;;;False
S;M1;371;129;4;False;True;4;1888;Shouman;EGY;SV Motor 1951 Falkensee;;;;;False
S;M1;368;132;4;False;True;5;1892;Naresh;USA;TG 1953 Langenselbold;;;;;False
S;M1;144;22;6;False;True;6;2262;Wallin;SWE;Sweden;;;;;False
S;M1;264;69;5;False;True;7;2072;Closset;BEL;Belgium;;;;;False
S;M1;435;65;4;False;True;8;1784;Lee;KOR;South Korea (Republic);;;;;False
S;M1;432;68;4;False;True;9;1791;Pan;CHN;China;;;;;False
S;M1;294;39;5;False;True;10;2013;Suresh Raj;IND;India;;;;;False
S;M1;18;148;6;False;True;11;2452;Alestedt;SWE;Sweden;;;;;False
S;M1;363;137;4;False;True;12;1902;Bae;AUS;Australia;;;;;False
S;M1;360;140;4;False;True;13;1910;Hiratsuka;JPN;DJK SpVgg Effeltrich;;;;;False
S;M1;242;91;5;False;True;14;2109;Chtchetinine;BLR;TTC Kist;;;;;False
S;M1;128;38;6;False;True;15;2280;Varga;HUN;Hungary;;;;;False
S;M1;467;33;4;False;True;16;1744;Lee;KOR;South Korea (Republic);;;;;False
S;M1;464;36;4;False;True;17;1747;Romanski;BRA;TV 06 Limbach;;;;;False
S;M1;222;111;5;False;True;18;2143;Allegranza;ITA;Italy;;;;;False
S;M1;112;54;6;False;True;19;2308;Itagaki;JPN;DJK SpVgg Effeltrich;;;;;False
S;M1;356;144;4;False;True;20;1916;Konstantinopoulos;GRE;Greece;;;;;False
S;M1;351;149;4;False;True;21;1922;Ahn;KOR;South Korea (Republic);;;;;False
S;M1;163;3;6;False;True;22;2232;Tomaszuk;POL;SV Friedrichsort;;;;;False
S;M1;318;15;5;False;True;23;1970;Zhou;CHN;China;;;;;False
S;M1;425;75;4;False;True;24;1801;Tomasi;ITA;Italy;;;;;False
S;M1;422;78;4;False;True;25;1804;Cavaille;FRA;France;;;;;False
S;M1;25;141;6;False;True;26;2443;Alto;ARG;TSV Schöppenstedt;;;;;False
S;M1;103;63;6;False;True;27;2325;Shan;CAN;Canada;;;;;False
S;M1;346;154;4;False;True;28;1928;Monzo;ESP;Spain;;;;;False
S;M1;344;156;4;False;True;29;1934;Salcedo Polo;ESP;Spain;;;;;False
S;M1;87;79;6;False;True;30;2348;Kawaguchi;JPN;Japan;;;;;False
S;M1;72;94;6;False;True;31;2366;Scheja;GER;Gießener SV;;;;;False
S;M1;483;17;4;False;True;32;1718;Karakasevic;SRB;TB Untertürkheim;;;;;False
S;M1;480;20;4;False;True;33;1723;Zeimys;LTU;TTC Oggersheim;;;;;False
S;M1;89;77;6;False;True;34;2345;Buyan;MGL;Mongolia;;;;;False
S;M1;120;46;6;False;True;35;2294;Hung;TPE;Taiwan;;;;;False
S;M1;337;163;4;False;True;36;1944;Samadi;IRI;Füchse Berlin Reinickendorf;;;;;False
S;M1;333;167;4;False;True;37;1948;Agunbiade;NGR;Nigeria;;;;;False
S;M1;81;85;6;False;True;38;2355;Doran;GBR;SV-DJK Taufkirchen;;;;;False
S;M1;33;133;6;False;True;39;2427;Hong Yu;MAS;Malaysia;;;;;False
S;M1;420;80;4;False;True;40;1806;Miki;JPN;TV 1879 Hilpoltstein;;;;;False
S;M1;414;86;4;False;True;41;1815;Shmyrev;RUS;SC Buschhausen;;;;;False
S;M1;6;160;6;False;True;42;2469;Mak;CHN;China;;;;;False
S;M1;237;96;5;False;True;43;2118;Vinogradov;RUS;Russia;;;;;False
S;M1;175;158;5;False;True;44;2212;Sanad;BRN;Bahrain;;;;;False
S;M1;53;113;6;False;True;45;2393;Maqueira;CUB;Cuba;;;;;False
S;M1;23;143;6;False;True;46;2445;Glazowski;POL;SV Niklashausen e.V.;;;;;False
S;M1;117;49;6;False;True;47;2297;Liu;TPE;Taiwan;;;;;False
S;M1;460;40;4;False;True;48;1754;Yeh;TPE;Post SV Mühlhausen 1951 e.V.;;;;;False
S;M1;456;44;4;False;True;49;1758;Kahraman;TUR;SV Arminia Hannover;;;;;False
S;M1;195;138;5;False;True;50;2179;Broudic;FRA;Tischtennisclub Elz;;;;;False
S;M1;226;107;5;False;True;51;2139;Sekulic;AUT;Austria;;;;;False
S;M1;314;19;5;False;True;52;1976;Wehking;GER;Füchse Berlin Reinickendorf;;;;;False
S;M1;169;164;5;False;True;53;2223;Tormos;FRA;USV Jena e.V.;;;;;False
S;M1;134;32;6;False;True;54;2273;Mehra;IND;India;;;;;False
S;M1;58;108;6;False;True;55;2388;Solodkyi;UKR;TTC SR Hohenstein-Ernstthal;;;;;False
S;M1;412;88;4;False;True;56;1817;Arpas;SVK;1. FC Saarbrücken-TT;;;;;False
S;M1;408;92;4;False;True;57;1823;Mc Beath;GBR;TTC Lantenbach 1957 e.V.;;;;;False
S;M1;5;161;6;False;True;58;2470;Pan;TPE;Taiwan;;;;;False
S;M1;82;84;6;False;True;59;2353;Hernandez;VEN;Venezuela;;;;;False
S;M1;218;115;5;False;True;60;2150;Gilabert;ESP;TSV Windsbach;;;;;False
S;M1;302;31;5;False;True;61;1996;Hribar;SLO;Slovenia;;;;;False
S;M1;30;136;6;False;True;62;2434;Rybakov;RUS;Russia;;;;;False
S;M1;;;;False;True;63;;;;;;;;;True
S;M1;491;9;4;False;True;64;1708;Gohain;IND;India;;;;;False
S;M1;486;14;4;False;True;65;1715;Pau;HKG;Hongkong;;;;;False
S;M1;286;47;5;False;True;66;2023;Kim;KOR;South Korea (Republic);;;;;False
S;M1;251;82;5;False;True;67;2098;Gwon;KOR;South Korea (Republic);;;;;False
S;M1;298;35;5;False;True;68;2003;Su;TPE;Taiwan;;;;;False
S;M1;153;13;6;False;True;69;2248;Chang;AUS;Australia;;;;;False
S;M1;250;83;5;False;True;70;2099;Zuk;POL;SV Niklashausen e.V.;;;;;False
S;M1;159;7;6;False;True;71;2240;Dugiel;POL;MTV Jever;;;;;False
S;M1;403;97;4;False;True;72;1830;Christ;GER;SB Versbach;;;;;False
S;M1;400;100;4;False;True;73;1833;Lai;CHN;China;;;;;False
S;M1;16;150;6;False;True;74;2456;Sarkar;IND;TTC Meisenbach Fischbachtal-Niedernhausen;;;;;False
S;M1;271;62;5;False;True;75;2055;Rinderer;GER;TSV Windsbach;;;;;False
S;M1;188;145;5;False;True;76;2190;Nad Nemedi;SRB;Oldenburger TB;;;;;False
S;M1;60;106;6;False;True;77;2384;Thakur;IND;India;;;;;False
S;M1;278;55;5;False;True;78;2037;Shah;USA;USA;;;;;False
S;M1;47;119;6;False;True;79;2401;Abo Yaman;JOR;Jordan;;;;;False
S;M1;452;48;4;False;True;80;1762;Lovha;UKR;Ukraine;;;;;False
S;M1;447;53;4;False;True;81;1767;Tomicki;POL;Gießener SV;;;;;False
S;M1;125;41;6;False;True;82;2284;Luo;USA;USA;;;;;False
S;M1;107;59;6;False;True;83;2316;Rios Romero;VEN;Venezuela;;;;;False
S;M1;230;103;5;False;True;84;2131;Yang;HKG;Hongkong;;;;;False
S;M1;11;155;6;False;True;85;2463;Eise;GER;DJK Offenburg;;;;;False
S;M1;67;99;6;False;True;86;2371;Bhatnagar;IND;India;;;;;False
S;M1;43;123;6;False;True;87;2412;Nadolski;POL;DJK Franz-Sales-Haus Essen;;;;;False
S;M1;395;105;4;False;True;88;1841;Prokopcov;CZE;TSG Kaiserslautern;;;;;False
S;M1;391;109;4;False;True;89;1849;Zyworonek;POL;Poland;;;;;False
S;M1;143;23;6;False;True;90;2263;Tomica;ROU;Romania;;;;;False
S;M1;213;120;5;False;True;91;2160;Soiphuang;THA;Thailand;;;;;False
S;M1;202;131;5;False;True;92;2171;Podar;ROU;Romania;;;;;False
S;M1;176;157;5;False;True;93;2211;Izzo;ITA;ASC Grünwettersbach;;;;;False
S;M1;48;118;6;False;True;94;2400;Shim;BRA;TTV Grün-Weiß Ettlingen e.V.;;;;;False
S;M1;71;95;6;False;True;95;2367;Milchin;GER;TTG St. Augustin;;;;;False
S;M1;476;24;4;False;True;96;1729;Ullmann;GER;1. FC Köln 01/07 e.V.;;;;;False
S;M1;472;28;4;False;True;97;1738;van Oost;NED;TTC indeland Jülich e.V.;;;;;False
S;M1;283;50;5;False;True;98;2030;Suganuma;JPN;TSG Kaiserslautern;;;;;False
S;M1;168;165;5;False;True;99;2224;Engelhardt;GER;TTC immoXone Bietigheim-Bissingen;;;;;False
S;M1;206;127;5;False;True;100;2167;Tseng;TPE;Taiwan;;;;;False
S;M1;307;26;5;False;True;101;1988;Hielscher;GER;Sportverein Union Velbert 2011 e.V.;;;;;False
S;M1;99;67;6;False;True;102;2329;Martin;CAN;Canada;;;;;False
S;M1;109;57;6;False;True;103;2314;Mayorov;ESP;Spain;;;;;False
S;M1;388;112;4;False;True;104;1854;Jermplong;THA;Thailand;;;;;False
S;M1;383;117;4;False;True;105;1864;Bae;AUS;Australia;;;;;False
S;M1;290;43;5;False;True;106;2019;Szymczak;POL;Poland;;;;;False
S;M1;331;2;5;False;True;107;1950;Essid;TUN;Tunisia;;;;;False
S;M1;322;11;5;False;True;108;1965;Le;SGP;Singapore;;;;;False
S;M1;232;101;5;False;True;109;2127;Hauth;DEN;Denmark;;;;;False
S;M1;260;73;5;False;True;110;2077;Birriel Rivera;PUR;TV 1879 Hilpoltstein;;;;;False
S;M1;243;90;5;False;True;111;2108;Prohaska;GER;SC Staig;;;;;False
S;M1;444;56;4;False;True;112;1773;Redjep;CRO;FC Schalke 04;;;;;False
S;M1;439;61;4;False;True;113;1779;Ishizuka;JPN;Japan;;;;;False
S;M1;136;30;6;False;True;114;2270;Mosslly;SYR;TSV Elektronik Gornsdorf;;;;;False
S;M1;263;70;5;False;True;115;2073;Tauber;ISR;SC Arminia Ochtrup;;;;;False
S;M1;199;134;5;False;True;116;2175;Noguti;BRA;Brazil;;;;;False
S;M1;306;27;5;False;True;117;1989;Pilard;FRA;France;;;;;False
S;M1;207;126;5;False;True;118;2166;Ali;IND;India;;;;;False
S;M1;328;5;5;False;True;119;1957;Urbanek;CZE;Post SV Zeulenroda;;;;;False
S;M1;379;121;4;False;True;120;1871;Kolasa;POL;Poland;;;;;False
S;M1;376;124;4;False;True;121;1878;Lee;MAS;Malaysia;;;;;False
S;M1;186;147;5;False;True;122;2192;Kenzhigulov;KAZ;Kazakhstan;;;;;False
S;M1;38;128;6;False;True;123;2421;Sheikhiabarghouei;IRI;Iran;;;;;False
S;M1;94;72;6;False;True;124;2338;Man;HKG;Hongkong;;;;;False
S;M1;269;64;5;False;True;125;2058;Tamari;JPN;DJK SpVgg Effeltrich;;;;;False
S;M1;181;152;5;False;True;126;2206;Lebaka;USA;TTC GW Bad Hamm;;;;;False
S;M1;;;;False;True;127;;;;;;;;;True
S;M1;494;6;4;False;True;128;1703;Lei;HUN;Hungary;;;;;False
S;M1;492;8;4;False;True;129;1706;Lin Cheng;TPE;TTC 1957 Lampertheim;;;;;False
S;M1;;;;False;True;130;;;;;;;;;True
S;M1;220;113;5;False;True;131;2145;Keusch;SUI;TuS Makkabi Frankfurt;;;;;False
S;M1;370;130;4;False;True;132;1890;Kizuka;JPN;TTC immoXone Bietigheim-Bissingen;;;;;False
S;M1;365;135;4;False;True;133;1899;Schmid;SUI;TTC Fortuna Passau;;;;;False
S;M1;84;82;6;False;True;134;2351;Neshati;IRI;Iran;;;;;False
S;M1;139;27;6;False;True;135;2267;Chien;TPE;Taiwan;;;;;False
S;M1;434;66;4;False;True;136;1789;Malik;IND;SC Arminia Ochtrup;;;;;False
S;M1;429;71;4;False;True;137;1796;Douin;FRA;SC Arminia Ochtrup;;;;;False
S;M1;93;73;6;False;True;138;2340;Jadam;POL;Poland;;;;;False
S;M1;140;26;6;False;True;139;2266;Razafinarivo;MAD;Madagascar;;;;;False
S;M1;361;139;4;False;True;140;1908;Hollo;GER;1. FC Köln 01/07 e.V.;;;;;False
S;M1;358;142;4;False;True;141;1914;Kuzmin;RUS;SC Staig;;;;;False
S;M1;39;127;6;False;True;142;2419;Dyksztejn;ISR;Israel;;;;;False
S;M1;102;64;6;False;True;143;2326;Kohne;GER;SC Arminia Ochtrup;;;;;False
S;M1;466;34;4;False;True;144;1745;Bialek;POL;SV Niklashausen e.V.;;;;;False
S;M1;463;37;4;False;True;145;1748;Stamatouros;GRE;TTC Oggersheim;;;;;False
S;M1;261;72;5;False;True;146;2076;Guignat;FRA;France;;;;;False
S;M1;155;11;6;False;True;147;2245;Musko;HUN;Hungary;;;;;False
S;M1;354;146;4;False;True;148;1918;Chuang;TPE;Taiwan;;;;;False
S;M1;349;151;4;False;True;149;1925;Solaiyan;IND;India;;;;;False
S;M1;330;3;5;False;True;150;1952;Vallino Costassa;ITA;TTC Oggersheim;;;;;False
S;M1;276;57;5;False;True;151;2043;Lo;HKG;Hongkong;;;;;False
S;M1;426;74;4;False;True;152;1800;Dixon;AUS;TV 06 Limbach;;;;;False
S;M1;424;76;4;False;True;153;1802;Kim;KOR;South Korea (Republic);;;;;False
S;M1;111;55;6;False;True;154;2309;Meng;GER;TTC RhönSprudel Fulda-Maberzell;;;;;False
S;M1;19;147;6;False;True;155;2451;Alfredsson;SWE;Sweden;;;;;False
S;M1;347;153;4;False;True;156;1927;Jendrzejewski;POL;TTV 1951/66 Stadtallendorf;;;;;False
S;M1;341;159;4;False;True;157;1937;Bielecki;POL;TSV Schöppenstedt;;;;;False
S;M1;75;91;6;False;True;158;2363;Nagy;HUN;Hungary;;;;;False
S;M1;63;103;6;False;True;159;2377;Carrera;ESP;Spain;;;;;False
S;M1;482;18;4;False;True;160;1719;Preechayan;THA;Thailand;;;;;False
S;M1;479;21;4;False;True;161;1725;Keshavarzi;IRI;Iran;;;;;False
S;M1;238;95;5;False;True;162;2117;Jung;KOR;South Korea (Republic);;;;;False
S;M1;96;70;6;False;True;163;2333;Pellny;GER;TV Refrath;;;;;False
S;M1;338;162;4;False;True;164;1943;Dahlstrom;SWE;Sweden;;;;;False
S;M1;334;166;4;False;True;165;1947;Lee;KOR;South Korea (Republic);;;;;False
S;M1;192;141;5;False;True;166;2183;Gawlas;POL;Poland;;;;;False
S;M1;9;157;6;False;True;167;2465;Bedoya;COL;Colombia;;;;;False
S;M1;419;81;4;False;True;168;1808;Nagy;HUN;TuS Makkabi Frankfurt;;;;;False
S;M1;413;87;4;False;True;169;1816;He;USA;USA;;;;;False
S;M1;147;19;6;False;True;170;2259;Hübgen;GER;1. FC Saarbrücken-TT;;;;;False
S;M1;239;94;5;False;True;171;2114;Gupta;IND;India;;;;;False
S;M1;161;5;6;False;True;172;2234;Longhino;GER;TTC Kist;;;;;False
S;M1;76;90;6;False;True;173;2362;Sawczak;POL;Poland;;;;;False
S;M1;227;106;5;False;True;174;2138;Yanagimoto;JPN;Japan;;;;;False
S;M1;284;49;5;False;True;175;2027;Roy;IND;India;;;;;False
S;M1;458;42;4;False;True;176;1756;Bosbach;GER;DJK Franz-Sales-Haus Essen;;;;;False
S;M1;455;45;4;False;True;177;1759;Misal;PHI;SV Sillenbuch;;;;;False
S;M1;2;164;6;False;True;178;2473;Kabelka;CZE;Czech Republic;;;;;False
S;M1;225;108;5;False;True;179;2140;Chae;KOR;South Korea (Republic);;;;;False
S;M1;215;118;5;False;True;180;2154;Wang;TPE;Taiwan;;;;;False
S;M1;127;39;6;False;True;181;2282;Prus-Strowski;POL;SG Braunichswalde e.V.;;;;;False
S;M1;214;119;5;False;True;182;2158;Grebeniuk;UKR;TTC RhönSprudel Fulda-Maberzell;;;;;False
S;M1;65;101;6;False;True;183;2373;Rzihauschek;AUT;Austria;;;;;False
S;M1;411;89;4;False;True;184;1818;Hazin;CAN;Canada;;;;;False
S;M1;407;93;4;False;True;185;1824;Givone;FRA;DJK Franz-Sales-Haus Essen;;;;;False
S;M1;256;77;5;False;True;186;2084;Mego;SVK;SB Versbach;;;;;False
S;M1;190;143;5;False;True;187;2188;Spreckelsen;GER;TSV Schwarzenbek;;;;;False
S;M1;35;131;6;False;True;188;2424;Waltemode;GER;Eintracht Frankfurt;;;;;False
S;M1;8;158;6;False;True;189;2466;Warin;FRA;France;;;;;False
S;M1;248;85;5;False;True;190;2101;Formela;POL;Poland;;;;;False
S;M1;;;;False;True;191;;;;;;;;;True
S;M1;490;10;4;False;True;192;1709;Ao;CHN;China;;;;;False
S;M1;484;16;4;False;True;193;1717;Ho;KOR;TTC SR Hohenstein-Ernstthal;;;;;False
S;M1;151;15;6;False;True;194;2254;Tessier;FRA;France;;;;;False
S;M1;1;165;6;False;True;195;2476;Mukherjee;IND;India;;;;;False
S;M1;205;128;5;False;True;196;2168;Schwarzer;GER;TSV Algesdorf;;;;;False
S;M1;164;2;6;False;True;197;2231;Surbek;CRO;TTC 1946 Weinheim e.V.;;;;;False
S;M1;178;155;5;False;True;198;2209;Pelz;GER;1. FSV Mainz 05 e. V.;;;;;False
S;M1;70;96;6;False;True;199;2368;Wasylkowski;POL;TTC GW Bad Hamm;;;;;False
S;M1;402;98;4;False;True;200;1831;Palusek;SVK;Slovak Republic;;;;;False
S;M1;398;102;4;False;True;201;1837;Nguyen;VIE;Vietnam;;;;;False
S;M1;32;134;6;False;True;202;2428;Oh;KOR;South Korea (Republic);;;;;False
S;M1;172;161;5;False;True;203;2219;Olteanu;ROU;TTC indeland Jülich e.V.;;;;;False
S;M1;292;41;5;False;True;204;2015;Villa Mena;DOM;SV DJK Eggolsheim;;;;;False
S;M1;320;13;5;False;True;205;1968;Samuolis;LTU;TuS Makkabi Frankfurt;;;;;False
S;M1;311;22;5;False;True;206;1984;Peng;TPE;Taiwan;;;;;False
S;M1;21;145;6;False;True;207;2447;Sivakumar;USA;USA;;;;;False
S;M1;449;51;4;False;True;208;1765;Wong;HKG;Hongkong;;;;;False
S;M1;448;52;4;False;True;209;1766;Biswas;IND;India;;;;;False
S;M1;266;67;5;False;True;210;2069;Xie;USA;USA;;;;;False
S;M1;46;120;6;False;True;211;2402;Wisniewski;POL;Poland;;;;;False
S;M1;270;63;5;False;True;212;2056;Khidasheli;ESP;Spain;;;;;False
S;M1;287;46;5;False;True;213;2022;Dorcescu;FRA;France;;;;;False
S;M1;254;79;5;False;True;214;2086;Kveton;CZE;Czech Republic;;;;;False
S;M1;173;160;5;False;True;215;2216;Chiu;TPE;Taiwan;;;;;False
S;M1;396;104;4;False;True;216;1840;Dodean;ROU;Sportverein Union Velbert 2011 e.V.;;;;;False
S;M1;390;110;4;False;True;217;1850;Gutierrez;ESP;TTC 1957 Lampertheim;;;;;False
S;M1;28;138;6;False;True;218;2439;Lei;GER;TTC Lantenbach 1957 e.V.;;;;;False
S;M1;326;7;5;False;True;219;1959;Mourier;FRA;France;;;;;False
S;M1;183;150;5;False;True;220;2199;Koepke;GER;Oldenburger TB;;;;;False
S;M1;97;69;6;False;True;221;2332;Senkbeil;GER;Oldenburger TB;;;;;False
S;M1;210;123;5;False;True;222;2163;Podobnik;SLO;SC Arminia Ochtrup;;;;;False
S;M1;135;31;6;False;True;223;2272;Zavadskyi;UKR;TTC Langen 1950;;;;;False
S;M1;475;25;4;False;True;224;1731;Alkhadrawi;KSA;Saudi Arabia;;;;;False
S;M1;471;29;4;False;True;225;1739;Beh;SGP;Singapore;;;;;False
S;M1;301;32;5;False;True;226;1998;Loy;SGP;Singapore;;;;;False
S;M1;310;23;5;False;True;227;1985;Yeung;AUS;Australia;;;;;False
S;M1;249;84;5;False;True;228;2100;Massart;BEL;Belgium;;;;;False
S;M1;274;59;5;False;True;229;2047;Park;KOR;South Korea (Republic);;;;;False
S;M1;83;83;6;False;True;230;2352;Turk;CRO;Croatia;;;;;False
S;M1;116;50;6;False;True;231;2299;Nguyen;VIE;Vietnam;;;;;False
S;M1;386;114;4;False;True;232;1860;Martinko;CZE;Czech Republic;;;;;False
S;M1;384;116;4;False;True;233;1862;Grela;POL;TSV Schöppenstedt;;;;;False
S;M1;51;115;6;False;True;234;2396;Oudriss;GER;TV Refrath;;;;;False
S;M1;295;38;5;False;True;235;2012;Hato Yamane;BRA;Brazil;;;;;False
S;M1;131;35;6;False;True;236;2277;Xiao;NZL;New Zealand;;;;;False
S;M1;185;148;5;False;True;237;2194;Batix;CMR;Cameroon;;;;;False
S;M1;303;30;5;False;True;238;1994;Tan;SGP;Singapore;;;;;False
S;M1;14;152;6;False;True;239;2458;Cavaille;FRA;France;;;;;False
S;M1;442;58;4;False;True;240;1775;Chen;TPE;1. FC Köln 01/07 e.V.;;;;;False
S;M1;440;60;4;False;True;241;1777;Kuti;NGR;Nigeria;;;;;False
S;M1;119;47;6;False;True;242;2295;Kim;KOR;South Korea (Republic);;;;;False
S;M1;104;62;6;False;True;243;2322;Lewandowski;POL;TTF Illtal;;;;;False
S;M1;40;126;6;False;True;244;2418;Lin;TPE;Taiwan;;;;;False
S;M1;197;136;5;False;True;245;2177;Castillo Arocha;VEN;Venezuela;;;;;False
S;M1;59;107;6;False;True;246;2386;Walter;GER;Sportverein Union Velbert 2011 e.V.;;;;;False
S;M1;123;43;6;False;True;247;2291;Galvano;ARG;Argentina;;;;;False
S;M1;378;122;4;False;True;248;1873;Matsushita;JPN;TV 1895 e.V. Bad Rappenau;;;;;False
S;M1;375;125;4;False;True;249;1882;Milovanov;BLR;TTC SR Hohenstein-Ernstthal;;;;;False
S;M1;279;54;5;False;True;250;2036;Lai;MAS;Singapore;;;;;False
S;M1;200;133;5;False;True;251;2174;Sheth;USA;USA;;;;;False
S;M1;55;111;6;False;True;252;2391;Seii Iwamoto;BRA;Brazil;;;;;False
S;M1;234;99;5;False;True;253;2124;de Boer;NED;TTC 1957 Lampertheim;;;;;False
S;M1;321;12;5;False;True;254;1966;Liao;TPE;Taiwan;;;;;False
S;M1;;;;False;True;255;;;;;;;;;True
S;M1;496;4;4;False;True;256;1695;Sakata;JPN;Japan;;;;;False
S;M1;497;3;4;False;True;257;1693;Tachikawa;JPN;Japan;;;;;False
S;M1;;;;False;True;258;;;;;;;;;True
S;M1;126;40;6;False;True;259;2283;Maungwhan;THA;Thailand;;;;;False
S;M1;367;133;4;False;True;260;1895;Walther;GER;1. FC Köln 01/07 e.V.;;;;;False
S;M1;364;136;4;False;True;261;1901;Arya;IND;India;;;;;False
S;M1;305;28;5;False;True;262;1990;Omotayo;NGR;Nigeria;;;;;False
S;M1;156;10;6;False;True;263;2243;Hagberg;SWE;SV Union Salzgitter;;;;;False
S;M1;431;69;4;False;True;264;1792;Vos;CHI;TuS Celle;;;;;False
S;M1;428;72;4;False;True;265;1798;Istrate;ROU;Romania;;;;;False
S;M1;129;37;6;False;True;266;2279;Hidalgo Garcia Pacheco;PER;SB Versbach;;;;;False
S;M1;319;14;5;False;True;267;1969;Choong;MAS;Malaysia;;;;;False
S;M1;357;143;4;False;True;268;1915;Cathcart;IRL;TTC Fortuna Passau;;;;;False
S;M1;355;145;4;False;True;269;1917;Min;CHN;China;;;;;False
S;M1;44;122;6;False;True;270;2407;Zimmermann;GER;TTC SR Hohenstein-Ernstthal;;;;;False
S;M1;68;98;6;False;True;271;2370;Rawat;IND;India;;;;;False
S;M1;462;38;4;False;True;272;1749;Koniukhov;RUS;Russia;;;;;False
S;M1;457;43;4;False;True;273;1757;Petek;CRO;Croatia;;;;;False
S;M1;115;51;6;False;True;274;2300;Koschmieder;GER;TTC SR Hohenstein-Ernstthal;;;;;False
S;M1;236;97;5;False;True;275;2121;Petersen;GER;TSV Algesdorf;;;;;False
S;M1;352;148;4;False;True;276;1921;Vlotinos;GRE;Greece;;;;;False
S;M1;348;152;4;False;True;277;1926;Nalepa;POL;SV Motor 1951 Falkensee;;;;;False
S;M1;149;17;6;False;True;278;2256;Okanlawon;NGR;TSV Schöppenstedt;;;;;False
S;M1;137;29;6;False;True;279;2269;Xu;GER;Hannover 96;;;;;False
S;M1;421;79;4;False;True;280;1805;Cheng;TPE;Taiwan;;;;;False
S;M1;417;83;4;False;True;281;1811;Kahn;NED;DJK Franz-Sales-Haus Essen;;;;;False
S;M1;132;34;6;False;True;282;2276;Stepanek;CZE;Czech Republic;;;;;False
S;M1;27;139;6;False;True;283;2440;Tsiarokhin;BLR;TTC GW Bad Hamm;;;;;False
S;M1;342;158;4;False;True;284;1936;Animasahun;NGR;Nigeria;;;;;False
S;M1;340;160;4;False;True;285;1940;Yiangou;CYP;Sportverein Union Velbert 2011 e.V.;;;;;False
S;M1;92;74;6;False;True;286;2342;Zhao;CHN;China;;;;;False
S;M1;162;4;6;False;True;287;2233;Tai;TPE;Taiwan;;;;;False
S;M1;478;22;4;False;True;288;1726;Kim;KOR;South Korea (Republic);;;;;False
S;M1;474;26;4;False;True;289;1732;Lam;NOR;Norway;;;;;False
S;M1;201;132;5;False;True;290;2172;Helmy;EGY;TuS Germania Schnelsen;;;;;False
S;M1;113;53;6;False;True;291;2305;Shakiba;IRI;TSG Kaiserslautern;;;;;False
S;M1;336;164;4;False;True;292;1945;Tungbovornphichet;THA;TTG St. Augustin;;;;;False
S;M1;258;75;5;False;True;293;2080;Omeh;NGR;Nigeria;;;;;False
S;M1;184;149;5;False;True;294;2197;Ito;JPN;Japan;;;;;False
S;M1;221;112;5;False;True;295;2144;Besnier;FRA;France;;;;;False
S;M1;415;85;4;False;True;296;1814;Liu;CHN;China;;;;;False
S;M1;409;91;4;False;True;297;1821;Banas;PHI;Philippines;;;;;False
S;M1;31;135;6;False;True;298;2429;Hersel;GER;Sportverein Union Velbert 2011 e.V.;;;;;False
S;M1;324;9;5;False;True;299;1963;Gacev;SRB;SU Neckarsulm;;;;;False
S;M1;196;137;5;False;True;300;2178;Chen;TPE;Taiwan;;;;;False
S;M1;12;154;6;False;True;301;2462;Kleinert;GER;TTC 95 Odenheim e.V.;;;;;False
S;M1;228;105;5;False;True;302;2136;Kim;KOR;South Korea (Republic);;;;;False
S;M1;77;89;6;False;True;303;2361;Laroche;FRA;France;;;;;False
S;M1;454;46;4;False;True;304;1760;Mohr;GER;TGS Hausen 1897;;;;;False
S;M1;451;49;4;False;True;305;1763;Naresh;USA;TTF Illtal;;;;;False
S;M1;145;21;6;False;True;306;2261;Anca;GER;TTF Illtal;;;;;False
S;M1;177;156;5;False;True;307;2210;Richter;GER;SC Staig;;;;;False
S;M1;158;8;6;False;True;308;2241;Bu Shulaybi;KSA;Saudi Arabia;;;;;False
S;M1;281;52;5;False;True;309;2034;Bergenblock;SWE;Sweden;;;;;False
S;M1;332;1;5;False;True;310;1949;Kosowski;POL;TTS Borsum;;;;;False
S;M1;3;163;6;False;True;311;2472;Marek;CZE;Czech Republic;;;;;False
S;M1;406;94;4;False;True;312;1826;Jellouli;FRA;France;;;;;False
S;M1;401;99;4;False;True;313;1832;Tauler;ESP;TTC 1957 Lampertheim;;;;;False
S;M1;57;109;6;False;True;314;2389;Mati;NGR;Nigeria;;;;;False
S;M1;110;56;6;False;True;315;2311;Toranzos;PAR;DJK Offenburg;;;;;False
S;M1;268;65;5;False;True;316;2061;Xu;CHN;China;;;;;False
S;M1;100;66;6;False;True;317;2328;Froseth;NOR;Norway;;;;;False
S;M1;300;33;5;False;True;318;2000;Hencl;CRO;TTC immoXone Bietigheim-Bissingen;;;;;False
S;M1;;;;False;True;319;;;;;;;;;True
S;M1;489;11;4;False;True;320;1711;David;CZE;TSV Windsbach;;;;;False
S;M1;487;13;4;False;True;321;1714;Ghosh;IND;TTF Illtal;;;;;False
S;M1;;;;False;True;322;;;;;;;;;True
S;M1;262;71;5;False;True;323;2074;Piciulin;ITA;TSV Neuried e.V.;;;;;False
S;M1;15;151;6;False;True;324;2457;Vainula;EST;TTC Schwalbe Bergneustadt;;;;;False
S;M1;141;25;6;False;True;325;2265;Fujii;BRA;TTC immoXone Bietigheim-Bissingen;;;;;False
S;M1;88;78;6;False;True;326;2347;Oh;KOR;South Korea (Republic);;;;;False
S;M1;121;45;6;False;True;327;2293;Dursun;TUR;TuS Makkabi Frankfurt;;;;;False
S;M1;397;103;4;False;True;328;1839;Servaty;GER;Sportverein Union Velbert 2011 e.V.;;;;;False
S;M1;394;106;4;False;True;329;1844;Ho;NZL;New Zealand;;;;;False
S;M1;64;102;6;False;True;330;2376;Bossis;FRA;France;;;;;False
S;M1;24;142;6;False;True;331;2444;Zhang;CHN;China;;;;;False
S;M1;327;6;5;False;True;332;1958;Guman;SVK;SV SCHOTT Jena;;;;;False
S;M1;52;114;6;False;True;333;2395;Shibata;JPN;Japan;;;;;False
S;M1;313;20;5;False;True;334;1978;Rios Torres;PUR;Puerto Rico;;;;;False
S;M1;204;129;5;False;True;335;2169;Mu;GER;SportKultur Stuttgart;;;;;False
S;M1;446;54;4;False;True;336;1770;Luu;AUS;DJK SpVgg Effeltrich;;;;;False
S;M1;443;57;4;False;True;337;1774;Chuang;TPE;Taiwan;;;;;False
S;M1;85;81;6;False;True;338;2350;Guerricabeitia Echevarria;ESP;TSG Kaiserslautern;;;;;False
S;M1;275;58;5;False;True;339;2045;Timbal;URU;Uruguay;;;;;False
S;M1;241;92;5;False;True;340;2110;Li;HKG;Hongkong;;;;;False
S;M1;7;159;6;False;True;341;2468;Lee;KOR;South Korea (Republic);;;;;False
S;M1;273;60;5;False;True;342;2048;Klajber;SVK;Slovak Republic;;;;;False
S;M1;79;87;6;False;True;343;2358;Choi;KOR;South Korea (Republic);;;;;False
S;M1;392;108;4;False;True;344;1846;Choi;KOR;SV DJK Eggolsheim;;;;;False
S;M1;387;113;4;False;True;345;1859;Habibi;IRI;TV Refrath;;;;;False
S;M1;62;104;6;False;True;346;2379;Shen;USA;USA;;;;;False
S;M1;257;76;5;False;True;347;2083;Karakulak;GER;TTC Zella-Mehlis e.V.;;;;;False
S;M1;150;16;6;False;True;348;2255;Yunchyk;UKR;Füchse Berlin Reinickendorf;;;;;False
S;M1;49;117;6;False;True;349;2398;Rosenberg;GER;TTC Kist;;;;;False
S;M1;223;110;5;False;True;350;2142;Turoczy;ROU;SV Zörbig;;;;;False
S;M1;285;48;5;False;True;351;2024;Doussinet;FRA;France;;;;;False
S;M1;470;30;4;False;True;352;1740;Vitsek;HUN;Sportverein Union Velbert 2011 e.V.;;;;;False
S;M1;468;32;4;False;True;353;1743;Bankosz;POL;TTG St. Augustin;;;;;False
S;M1;253;80;5;False;True;354;2093;Räsänen;FIN;MSV Hettstedt;;;;;False
S;M1;209;124;5;False;True;355;2164;Mrugala;POL;Poland;;;;;False
S;M1;189;144;5;False;True;356;2189;Helbing;GER;BV Borussia 09 Dortmund;;;;;False
S;M1;166;167;5;False;True;357;2228;Prusa;CZE;USV Jena e.V.;;;;;False
S;M1;297;36;5;False;True;358;2009;Brhel;CZE;Czech Republic;;;;;False
S;M1;105;61;6;False;True;359;2319;Akhmedov;UZB;Uzbekistan;;;;;False
S;M1;381;119;4;False;True;360;1869;Jang;KOR;South Korea (Republic);;;;;False
S;M1;380;120;4;False;True;361;1870;Öcal;TUR;Turkey;;;;;False
S;M1;73;93;6;False;True;362;2365;Andersen;GER;DJK Germania Lenkerbeck;;;;;False
S;M1;245;88;5;False;True;363;2105;Terna;MDA;TTC Salmünster 1950;;;;;False
S;M1;247;86;5;False;True;364;2102;Engemann;GER;TTC GW Bad Hamm;;;;;False
S;M1;98;68;6;False;True;365;2331;Yatawanon;THA;Thailand;;;;;False
S;M1;291;42;5;False;True;366;2016;Albahrani;KUW;Kuwait;;;;;False
S;M1;193;140;5;False;True;367;2182;Li;POR;Portugal;;;;;False
S;M1;438;62;4;False;True;368;1780;Kosolosky;BEL;TTC Waldniel;;;;;False
S;M1;436;64;4;False;True;369;1782;Li;HKG;Hongkong;;;;;False
S;M1;315;18;5;False;True;370;1974;Mori;JPN;Japan;;;;;False
S;M1;180;153;5;False;True;371;2207;Koehl;FRA;France;;;;;False
S;M1;217;116;5;False;True;372;2151;Wiecek;POL;SV Friedrichsort;;;;;False
S;M1;289;44;5;False;True;373;2020;Ding;AUT;Austria;;;;;False
S;M1;20;146;6;False;True;374;2449;Tran Le;GER;DJK Franz-Sales-Haus Essen;;;;;False
S;M1;212;121;5;False;True;375;2161;Gupta;IND;India;;;;;False
S;M1;374;126;4;False;True;376;1884;Van Dessel;LUX;TTC indeland Jülich e.V.;;;;;False
S;M1;372;128;4;False;True;377;1886;Yamada;JPN;Japan;;;;;False
S;M1;41;125;6;False;True;378;2415;Lee;KOR;South Korea (Republic);;;;;False
S;M1;309;24;5;False;True;379;1986;Yuxiang;CHN;China;;;;;False
S;M1;233;100;5;False;True;380;2125;Konstantinopoulos;GRE;Sportclub Niestetal;;;;;False
S;M1;36;130;6;False;True;381;2423;Haspel;GER;SV DJK Kolbermoor;;;;;False
S;M1;171;162;5;False;True;382;2220;Akhlaghpasand;IRI;Füchse Berlin Reinickendorf;;;;;False
S;M1;;;;False;True;383;;;;;;;;;True
S;M1;493;7;4;False;True;384;1704;Schürrer;SUI;TTC Altena;;;;;False
S;M1;495;5;4;False;True;385;1697;Nayre;PHI;MTV Eintracht Bledeln;;;;;False
S;M1;;;;False;True;386;;;;;;;;;True
S;M1;42;124;6;False;True;387;2414;He;CHN;China;;;;;False
S;M1;369;131;4;False;True;388;1891;Bujor;ROU;Romania;;;;;False
S;M1;366;134;4;False;True;389;1897;Belik;CZE;TuS Makkabi Frankfurt;;;;;False
S;M1;37;129;6;False;True;390;2422;Jirout;CZE;Czech Republic;;;;;False
S;M1;78;88;6;False;True;391;2360;Katus;HUN;SC Poppenbüttel;;;;;False
S;M1;433;67;4;False;True;392;1790;Oh;KOR;South Korea (Republic);;;;;False
S;M1;430;70;4;False;True;393;1795;Nie;AUS;Australia;;;;;False
S;M1;4;162;6;False;True;394;2471;Maiworm;GER;TTV Neheim-Hüsten;;;;;False
S;M1;50;116;6;False;True;395;2397;Schabacker;GER;Eintracht Frankfurt;;;;;False
S;M1;362;138;4;False;True;396;1907;Ishiyama;JPN;Japan;;;;;False
S;M1;359;141;4;False;True;397;1913;Stehle;GER;TTC RW 1921 Biebrich;;;;;False
S;M1;142;24;6;False;True;398;2264;Orencel;POL;TSV Algesdorf;;;;;False
S;M1;194;139;5;False;True;399;2181;Aydin;GER;TuS Celle;;;;;False
S;M1;465;35;4;False;True;400;1746;Giovanetti;ITA;TSV Gräfelfing e.V.;;;;;False
S;M1;461;39;4;False;True;401;1752;Bardon;SVK;Slovak Republic;;;;;False
S;M1;231;102;5;False;True;402;2128;Lee;KOR;South Korea (Republic);;;;;False
S;M1;174;159;5;False;True;403;2215;Lau;HKG;Hongkong;;;;;False
S;M1;353;147;4;False;True;404;1919;Ursut;ROU;Romania;;;;;False
S;M1;350;150;4;False;True;405;1924;Abdullahi;NGR;Nigeria;;;;;False
S;M1;13;153;6;False;True;406;2460;Kodjabashev;BUL;Bulgaria;;;;;False
S;M1;138;28;6;False;True;407;2268;Chowdhury;IND;India;;;;;False
S;M1;427;73;4;False;True;408;1799;Friis;SWE;Sweden;;;;;False
S;M1;423;77;4;False;True;409;1803;Zibrat;SLO;Luxembourg;;;;;False
S;M1;229;104;5;False;True;410;2133;Moya;CHI;Chile;;;;;False
S;M1;90;76;6;False;True;411;2344;Bella;ALG;Algeria;;;;;False
S;M1;345;155;4;False;True;412;1933;Toma;BRA;Oldenburger TB;;;;;False
S;M1;343;157;4;False;True;413;1935;Sohrabi;IRI;TuS Hornau;;;;;False
S;M1;34;132;6;False;True;414;2426;El-Shaarawy;EGY;SV Motor 1951 Falkensee;;;;;False
S;M1;29;137;6;False;True;415;2435;Harasawa;JPN;Japan;;;;;False
S;M1;481;19;4;False;True;416;1721;Hameed;IRQ;Iraq;;;;;False
S;M1;477;23;4;False;True;417;1727;Back;KOR;South Korea (Republic);;;;;False
S;M1;148;18;6;False;True;418;2258;Stefanidis;GER;DJK Franz-Sales-Haus Essen;;;;;False
S;M1;152;14;6;False;True;419;2250;Valenet;PHI;Philippines;;;;;False
S;M1;339;161;4;False;True;420;1941;Rukletsov;BLR;TSG Kaiserslautern;;;;;False
S;M1;335;165;4;False;True;421;1946;Kang;KOR;South Korea (Republic);;;;;False
S;M1;118;48;6;False;True;422;2296;Jang;KOR;South Korea (Republic);;;;;False
S;M1;74;92;6;False;True;423;2364;Yamaji;JPN;Japan;;;;;False
S;M1;418;82;4;False;True;424;1809;Merzlikin;RUS;Sportverein Union Velbert 2011 e.V.;;;;;False
S;M1;416;84;4;False;True;425;1812;Tan;SGP;Singapore;;;;;False
S;M1;80;86;6;False;True;426;2356;Albuquerque;IND;VfL Kirchheim;;;;;False
S;M1;325;8;5;False;True;427;1962;Park;KOR;South Korea (Republic);;;;;False
S;M1;157;9;6;False;True;428;2242;Sip;CZE;Czech Republic;;;;;False
S;M1;244;89;5;False;True;429;2107;Falcucci;ITA;TSG 2005 Bamberg e.V.;;;;;False
S;M1;246;87;5;False;True;430;2103;Navas;VEN;Venezuela;;;;;False
S;M1;69;97;6;False;True;431;2369;Gainza;ESP;TTC 1957 Lampertheim;;;;;False
S;M1;459;41;4;False;True;432;1755;Le;VIE;Vietnam;;;;;False
S;M1;453;47;4;False;True;433;1761;Huzjak;CRO;TTC Oggersheim;;;;;False
S;M1;17;149;6;False;True;434;2453;Morel-Gonzales;FRA;France;;;;;False
S;M1;224;109;5;False;True;435;2141;Köchling;GER;Sportverein Union Velbert 2011 e.V.;;;;;False
S;M1;259;74;5;False;True;436;2079;Habesohn;AUT;Austria;;;;;False
S;M1;108;58;6;False;True;437;2315;Tsao;USA;USA;;;;;False
S;M1;179;154;5;False;True;438;2208;Wang;SWE;Sweden;;;;;False
S;M1;146;20;6;False;True;439;2260;Dickhardt;GER;Eintracht Frankfurt;;;;;False
S;M1;410;90;4;False;True;440;1819;Otalvaro Garcia;COL;ASC Grünwettersbach;;;;;False
S;M1;405;95;4;False;True;441;1827;Riniotis;GRE;TTF Illtal;;;;;False
S;M1;219;114;5;False;True;442;2148;Gonzales;ARG;Argentina;;;;;False
S;M1;299;34;5;False;True;443;2002;Mitra;IND;TTC RW 1921 Biebrich;;;;;False
S;M1;101;65;6;False;True;444;2327;Gergely;HUN;Hungary;;;;;False
S;M1;86;80;6;False;True;445;2349;Mühlbach;GER;TSV Bad Königshofen;;;;;False
S;M1;26;140;6;False;True;446;2441;Elshawa;EGY;SC Poppenbüttel;;;;;False
S;M1;;;;False;True;447;;;;;;;;;True
S;M1;488;12;4;False;True;448;1712;Wittkowski;POL;SV Motor 1951 Falkensee;;;;;False
S;M1;485;15;4;False;True;449;1716;Okada;JPN;Japan;;;;;False
S;M1;293;40;5;False;True;450;2014;Stoll;SUI;Switzerland;;;;;False
S;M1;165;1;6;False;True;451;2229;Moravek;CZE;Czech Republic;;;;;False
S;M1;267;66;5;False;True;452;2068;Sardar;IND;India;;;;;False
S;M1;91;75;6;False;True;453;2343;Gupta;IND;India;;;;;False
S;M1;316;17;5;False;True;454;1973;Wong;HKG;Hongkong;;;;;False
S;M1;130;36;6;False;True;455;2278;Kshetrimayum;IND;India;;;;;False
S;M1;404;96;4;False;True;456;1829;Miyamoto;JPN;TSG Kaiserslautern;;;;;False
S;M1;399;101;4;False;True;457;1836;Chang;TPE;Taiwan;;;;;False
S;M1;252;81;5;False;True;458;2095;Perkowski;POL;Poland;;;;;False
S;M1;122;44;6;False;True;459;2292;Chen;AUT;Austria;;;;;False
S;M1;61;105;6;False;True;460;2380;Timsuwan;USA;USA;;;;;False
S;M1;255;78;5;False;True;461;2085;Gonzalez;PUR;Puerto Rico;;;;;False
S;M1;106;60;6;False;True;462;2318;Vovk Petrovski;SLO;Slovenia;;;;;False
S;M1;56;110;6;False;True;463;2390;Rubinos Castillejo;PER;TuS 1883 Nordenstadt;;;;;False
S;M1;450;50;4;False;True;464;1764;Grover;IND;TGS Hausen 1897;;;;;False
S;M1;445;55;4;False;True;465;1771;Franco;ESP;TuS Makkabi Frankfurt;;;;;False
S;M1;10;156;6;False;True;466;2464;Mosiuk;UKR;TSV Oberbrüden;;;;;False
S;M1;265;68;5;False;True;467;2070;Oladejo;NGR;Nigeria;;;;;False
S;M1;216;117;5;False;True;468;2152;Choy;HKG;Hongkong;;;;;False
S;M1;235;98;5;False;True;469;2122;Liu;AUT;Austria;;;;;False
S;M1;323;10;5;False;True;470;1964;Idowu;CGO;Congo Republik;;;;;False
S;M1;304;29;5;False;True;471;1991;Mondal;IND;SVH 1945 Kassel;;;;;False
S;M1;393;107;4;False;True;472;1845;Sakowicz;POL;Poland;;;;;False
S;M1;389;111;4;False;True;473;1851;Thanmathikom;THA;Austria;;;;;False
S;M1;317;16;5;False;True;474;1972;Lin;AUS;Australia;;;;;False
S;M1;187;146;5;False;True;475;2191;Bressan;ITA;TTC Oggersheim;;;;;False
S;M1;312;21;5;False;True;476;1980;Horejsi;CZE;Gießener SV;;;;;False
S;M1;277;56;5;False;True;477;2039;Gao;CHN;TB Untertürkheim;;;;;False
S;M1;160;6;6;False;True;478;2236;Doyen;FRA;France;;;;;False
S;M1;329;4;5;False;True;479;1956;Löffler;GER;SB Versbach;;;;;False
S;M1;473;27;4;False;True;480;1735;Fadeev;GER;TTC Waldniel;;;;;False
S;M1;469;31;4;False;True;481;1741;Yang;TPE;TTC immoXone Bietigheim-Bissingen;;;;;False
S;M1;208;125;5;False;True;482;2165;Khalili;IRI;Oldenburger TB;;;;;False
S;M1;211;122;5;False;True;483;2162;Kovac;CRO;TuS Makkabi Frankfurt;;;;;False
S;M1;182;151;5;False;True;484;2204;Chobeau;FRA;DJK Franz-Sales-Haus Essen;;;;;False
S;M1;296;37;5;False;True;485;2011;Lillo;ESP;TTC OE Clarity Telefonie-Systeme Bad Homburg e.V.;;;;;False
S;M1;45;121;6;False;True;486;2404;Radnaev;RUS;Russia;;;;;False
S;M1;114;52;6;False;True;487;2304;Sandell;SWE;TTC immoXone Bietigheim-Bissingen;;;;;False
S;M1;385;115;4;False;True;488;1861;Ly;CAN;Canada;;;;;False
S;M1;382;118;4;False;True;489;1867;Gilles;FRA;France;;;;;False
S;M1;66;100;6;False;True;490;2372;Oyetayo;NGR;TTC Mülheim-Urmitz/Bahnhof;;;;;False
S;M1;282;51;5;False;True;491;2031;Henninger;GER;1. FC Saarbrücken-TT;;;;;False
S;M1;203;130;5;False;True;492;2170;Hodina;CZE;Czech Republic;;;;;False
S;M1;191;142;5;False;True;493;2187;Qiu;GER;DJK Franz-Sales-Haus Essen;;;;;False
S;M1;95;71;6;False;True;494;2335;Gorman;SWE;TTG 207 Ahrensburg/Großhansdorf;;;;;False
S;M1;124;42;6;False;True;495;2287;Bavanaka;IND;India;;;;;False
S;M1;441;59;4;False;True;496;1776;Stecyszyn;POL;TSV Schöppenstedt;;;;;False
S;M1;437;63;4;False;True;497;1781;Bentancor;ARG;Argentina;;;;;False
S;M1;133;33;6;False;True;498;2275;Mekamporn;THA;Thailand;;;;;False
S;M1;54;112;6;False;True;499;2392;Dosov;RUS;Russia;;;;;False
S;M1;280;53;5;False;True;500;2035;Modi;IND;India;;;;;False
S;M1;167;166;5;False;True;501;2227;Berben;NED;TTC indeland Jülich e.V.;;;;;False
S;M1;288;45;5;False;True;502;2021;Doti Arado;BRA;Brazil;;;;;False
S;M1;170;163;5;False;True;503;2222;Fang;TPE;Taiwan;;;;;False
S;M1;377;123;4;False;True;504;1875;Antoine Michard;FRA;France;;;;;False
S;M1;373;127;4;False;True;505;1885;Xiao;CHN;China;;;;;False
S;M1;22;144;6;False;True;506;2446;Kim;KOR;South Korea (Republic);;;;;False
S;M1;198;135;5;False;True;507;2176;Mishra;IND;India;;;;;False
S;M1;272;61;5;False;True;508;2050;Levinski;ISR;VfR Fehlheim 1929;;;;;False
S;M1;308;25;5;False;True;509;1987;Wetzel;GER;Austria;;;;;False
S;M1;240;93;5;False;True;510;2111;Zholudev;KAZ;Kazakhstan;;;;;False
S;M1;;;;False;True;511;;;;;;;;;True
S;M1;498;2;4;False;True;512;1691;Cui;CHN;China;;;;;False
S;W1;1000;1;1;True;False;1;1007;Sun;CHN;China;;;;;False
S;W1;;;;True;False;2;;;;;;;;;True
S;W1;891;26;2;True;False;3;1410;Kim;KOR;South Korea (Republic);;;;;False
S;W1;936;65;1;True;False;4;1270;Yokoi;JPN;Japan;;;;;False
S;W1;932;69;1;True;False;5;1277;Zhu;CHN;China;;;;;False
S;W1;858;59;2;True;False;6;1527;Chen;TPE;Taiwan;;;;;False
S;W1;801;32;3;True;False;7;1713;Nodin;FRA;France;;;;;False
S;W1;968;33;1;True;False;8;1162;Yao;CHN;China;;;;;False
S;W1;963;38;1;True;False;9;1196;Matsushima;JPN;Japan;;;;;False
S;W1;826;7;3;True;False;10;1643;Lee;KOR;South Korea (Republic);;;;;False
S;W1;830;3;3;True;False;11;1635;Taira;JPN;TTC Langweid e.V.;;;;;False
S;W1;928;73;1;True;False;12;1292;Liao;CHN;China;;;;;False
S;W1;924;77;1;True;False;13;1309;Sun;CHN;ttc berlin eastside;;;;;False
S;W1;785;48;3;True;False;14;1772;Tsai;TPE;Taiwan;;;;;False
S;W1;838;79;2;True;False;15;1594;Li;TPE;Taiwan;;;;;False
S;W1;984;17;1;True;False;16;1104;Sato;JPN;Japan;;;;;False
S;W1;977;24;1;True;False;17;1129;Qian;CHN;China;;;;;False
S;W1;842;75;2;True;False;18;1577;Li;CHN;China;;;;;False
S;W1;823;10;3;True;False;19;1659;Yoshimoto;JPN;Japan;;;;;False
S;W1;918;83;1;True;False;20;1321;Jeon;KOR;South Korea (Republic);;;;;False
S;W1;911;6;2;True;False;21;1340;Polcanova;AUT;Austria;;;;;False
S;W1;836;81;2;True;False;22;1596;Aoi;JPN;Japan;;;;;False
S;W1;794;39;3;True;False;23;1734;Kuo;TPE;Taiwan;;;;;False
S;W1;960;41;1;True;False;24;1199;Hirano;JPN;Japan;;;;;False
S;W1;956;45;1;True;False;25;1216;Joo;KOR;South Korea (Republic);;;;;False
S;W1;769;64;3;True;False;26;1828;Tayapitak;THA;Thailand;;;;;False
S;W1;887;30;2;True;False;27;1428;Yan;CHN;China;;;;;False
S;W1;846;71;2;True;False;28;1564;Ryu;KOR;South Korea (Republic);;;;;False
S;W1;781;52;3;True;False;29;1786;Lutz;FRA;France;;;;;False
S;W1;850;67;2;True;False;30;1554;Shan;GER;ttc berlin eastside;;;;;False
S;W1;817;16;3;True;False;31;1675;Lee;KOR;South Korea (Republic);;;;;False
S;W1;990;11;1;True;False;32;1068;Hashimoto;JPN;Japan;;;;;False
S;W1;988;13;1;True;False;33;1081;Jiang;CHN;China;;;;;False
S;W1;757;76;3;True;False;34;1857;Milintasut;THA;Thailand;;;;;False
S;W1;874;43;2;True;False;35;1475;Park;KOR;South Korea (Republic);;;;;False
S;W1;903;14;2;True;False;36;1365;Abraamian;ARM;Armenia;;;;;False
S;W1;898;19;2;True;False;37;1385;Chen;TPE;Taiwan;;;;;False
S;W1;915;2;2;True;False;38;1329;Li;CHN;China;;;;;False
S;W1;773;60;3;True;False;39;1813;Wonglakhon;THA;Thailand;;;;;False
S;W1;951;50;1;True;False;40;1233;Zhu;CHN;China;;;;;False
S;W1;948;53;1;True;False;41;1237;Akae;JPN;Japan;;;;;False
S;W1;799;34;3;True;False;42;1722;Ono;JPN;Japan;;;;;False
S;W1;805;28;3;True;False;43;1702;Ni;LUX;Luxembourg;;;;;False
S;W1;856;61;2;True;False;44;1530;Lee;KOR;South Korea (Republic);;;;;False
S;W1;871;46;2;True;False;45;1499;Kusakabe;JPN;Japan;;;;;False
S;W1;813;20;3;True;False;46;1684;Feng;CHN;China;;;;;False
S;W1;749;84;3;True;False;47;1876;Huang;TPE;Taiwan;;;;;False
S;W1;974;27;1;True;False;48;1146;Nagasaki;JPN;Japan;;;;;False
S;W1;970;31;1;True;False;49;1156;Winter;GER;TSV Dachau 65;;;;;False
S;W1;777;56;3;True;False;50;1794;Choi;KOR;TTG Bingen/Münster-Sarmsheim;;;;;False
S;W1;862;55;2;True;False;51;1518;Zhu;CHN;China;;;;;False
S;W1;905;12;2;True;False;52;1362;Peng;TPE;Taiwan;;;;;False
S;W1;877;40;2;True;False;53;1468;Batra;IND;India;;;;;False
S;W1;881;36;2;True;False;54;1453;Pesotska;UKR;Ukraine;;;;;False
S;W1;753;80;3;True;False;55;1866;Ser;SGP;Singapore;;;;;False
S;W1;944;57;1;True;False;56;1253;Zong;CHN;China;;;;;False
S;W1;939;62;1;True;False;57;1261;Su;HKG;Hongkong;;;;;False
S;W1;810;23;3;True;False;58;1696;Voronina;RUS;Russia;;;;;False
S;W1;789;44;3;True;False;59;1751;Hwang;KOR;South Korea (Republic);;;;;False
S;W1;896;21;2;True;False;60;1396;Byun;KOR;TSV Dachau 65;;;;;False
S;W1;761;72;3;True;False;61;1852;Vijitviriyagul;THA;Thailand;;;;;False
S;W1;868;49;2;True;False;62;1508;Omoda;JPN;Japan;;;;;False
S;W1;765;68;3;True;False;63;1842;Tan;SGP;Singapore;;;;;False
S;W1;996;5;1;True;False;64;1037;Kuai;CHN;China;;;;;False
S;W1;993;8;1;True;False;65;1046;Zhu;CHN;China;;;;;False
S;W1;793;40;3;True;False;66;1736;Lee;HKG;Hongkong;;;;;False
S;W1;752;81;3;True;False;67;1868;Lee;HKG;Hongkong;;;;;False
S;W1;935;66;1;True;False;68;1272;Kim;PRK;North Korea (DPR);;;;;False
S;W1;931;70;1;True;False;69;1278;Ding;CHN;China;;;;;False
S;W1;787;46;3;True;False;70;1768;Woo;HKG;Hongkong;;;;;False
S;W1;821;12;3;True;False;71;1665;Samara;ROU;Romania;;;;;False
S;W1;966;35;1;True;False;72;1180;Takamori;JPN;Japan;;;;;False
S;W1;964;37;1;True;False;73;1194;Xu;CHN;China;;;;;False
S;W1;901;16;2;True;False;74;1380;Wang;CHN;China;;;;;False
S;W1;873;44;2;True;False;75;1494;Pavade;FRA;France;;;;;False
S;W1;927;74;1;True;False;76;1293;Kaufmann;GER;SV DJK Kolbermoor;;;;;False
S;W1;923;78;1;True;False;77;1311;Kagawa;JPN;Japan;;;;;False
S;W1;778;55;3;True;False;78;1793;Kim;KOR;South Korea (Republic);;;;;False
S;W1;819;14;3;True;False;79;1670;Yusa;JPN;Japan;;;;;False
S;W1;983;18;1;True;False;80;1108;Xiang;CHN;China;;;;;False
S;W1;979;22;1;True;False;81;1124;Mende;JPN;Japan;;;;;False
S;W1;827;6;3;True;False;82;1642;Jeong;KOR;South Korea (Republic);;;;;False
S;W1;803;30;3;True;False;83;1707;Kum;KOR;South Korea (Republic);;;;;False
S;W1;919;82;1;True;False;84;1320;Sun;CHN;China;;;;;False
S;W1;853;64;2;True;False;85;1538;Liu;AUS;Australia;;;;;False
S;W1;784;49;3;True;False;86;1778;Ito;JPN;Japan;;;;;False
S;W1;758;75;3;True;False;87;1856;Ban;KOR;South Korea (Republic);;;;;False
S;W1;959;42;1;True;False;88;1202;Qin;CHN;China;;;;;False
S;W1;954;47;1;True;False;89;1223;Chen;TPE;Taiwan;;;;;False
S;W1;831;2;3;True;False;90;1630;Eerland;NED;Netherlands;;;;;False
S;W1;841;76;2;True;False;91;1584;Yim;KOR;South Korea (Republic);;;;;False
S;W1;754;79;3;True;False;92;1865;Lee;KOR;South Korea (Republic);;;;;False
S;W1;849;68;2;True;False;93;1555;Yoo;KOR;South Korea (Republic);;;;;False
S;W1;790;43;3;True;False;94;1750;Sun;CHN;China;;;;;False
S;W1;807;26;3;True;False;95;1700;Xu;CHN;China;;;;;False
S;W1;992;9;1;True;False;96;1047;Chen;CHN;China;;;;;False
S;W1;986;15;1;True;False;97;1095;Shin;KOR;South Korea (Republic);;;;;False
S;W1;774;59;3;True;False;98;1810;Huang;TPE;SV DJK Kolbermoor;;;;;False
S;W1;883;34;2;True;False;99;1434;Lee;KOR;South Korea (Republic);;;;;False
S;W1;878;39;2;True;False;100;1461;Liu;CHN;China;;;;;False
S;W1;865;52;2;True;False;101;1515;Chen;TPE;Taiwan;;;;;False
S;W1;910;7;2;True;False;102;1346;Kurashima;JPN;Japan;;;;;False
S;W1;766;67;3;True;False;103;1838;Wan;GER;TTC 1946 Weinheim e.V.;;;;;False
S;W1;950;51;1;True;False;104;1234;Yoshida;JPN;Japan;;;;;False
S;W1;947;54;1;True;False;105;1238;Liu;CHN;ttc berlin eastside;;;;;False
S;W1;772;61;3;True;False;106;1820;Baek;KOR;South Korea (Republic);;;;;False
S;W1;894;23;2;True;False;107;1403;Suh;KOR;South Korea (Republic);;;;;False
S;W1;814;19;3;True;False;108;1683;Okada;JPN;Japan;;;;;False
S;W1;845;72;2;True;False;109;1567;Takeya;JPN;Japan;;;;;False
S;W1;869;48;2;True;False;110;1505;Lee;KOR;South Korea (Republic);;;;;False
S;W1;812;21;3;True;False;111;1692;Liu;CHN;China;;;;;False
S;W1;976;25;1;True;False;112;1131;He;CHN;ttc berlin eastside;;;;;False
S;W1;972;29;1;True;False;113;1151;Kaneyoshi;JPN;ttc berlin eastside;;;;;False
S;W1;797;36;3;True;False;114;1728;Kiho;JPN;Japan;;;;;False
S;W1;907;10;2;True;False;115;1357;Yang;KOR;South Korea (Republic);;;;;False
S;W1;857;60;2;True;False;116;1528;Li;HKG;Hongkong;;;;;False
S;W1;837;80;2;True;False;117;1595;Lin;TPE;Taiwan;;;;;False
S;W1;861;56;2;True;False;118;1519;Ding;CHN;China;;;;;False
S;W1;762;71;3;True;False;119;1848;Källberg;SWE;Sweden;;;;;False
S;W1;943;58;1;True;False;120;1254;Zhang;CHN;China;;;;;False
S;W1;938;63;1;True;False;121;1264;Sakuma;JPN;Japan;;;;;False
S;W1;885;32;2;True;False;122;1430;Sie;TPE;Taiwan;;;;;False
S;W1;833;84;2;True;False;123;1621;Kim;KOR;TTC 1946 Weinheim e.V.;;;;;False
S;W1;897;20;2;True;False;124;1389;Iwaki;JPN;Japan;;;;;False
S;W1;889;28;2;True;False;125;1413;Takahashi;JPN;Japan;;;;;False
S;W1;914;3;2;True;False;126;1330;Cheng;TPE;Taiwan;;;;;False
S;W1;;;;True;False;127;;;;;;;;;True
S;W1;997;4;1;True;False;128;1026;Harimoto;JPN;Japan;;;;;False
S;W1;998;3;1;True;False;129;1017;Wang;CHN;China;;;;;False
S;W1;;;;True;False;130;;;;;;;;;True
S;W1;835;82;2;True;False;131;1605;Yu;POR;Portugal;;;;;False
S;W1;934;67;1;True;False;132;1273;Matsushita;JPN;Japan;;;;;False
S;W1;930;71;1;True;False;133;1279;Goda;EGY;Egypt;;;;;False
S;W1;822;11;3;True;False;134;1661;Katori;JPN;Japan;;;;;False
S;W1;759;74;3;True;False;135;1855;Chen;TPE;Taiwan;;;;;False
S;W1;967;34;1;True;False;136;1165;Yang;CHN;China;;;;;False
S;W1;961;40;1;True;False;137;1198;Wang;CHN;China;;;;;False
S;W1;791;42;3;True;False;138;1742;Hochart;FRA;France;;;;;False
S;W1;767;66;3;True;False;139;1835;Hanazawa;JPN;Japan;;;;;False
S;W1;925;76;1;True;False;140;1308;Han;CHN;China;;;;;False
S;W1;922;79;1;True;False;141;1312;Li;NED;Netherlands;;;;;False
S;W1;782;51;3;True;False;142;1785;Chitale;IND;TTG Bingen/Münster-Sarmsheim;;;;;False
S;W1;899;18;2;True;False;143;1382;Paranang;THA;TSV 1909 Langstadt;;;;;False
S;W1;982;19;1;True;False;144;1113;Hu;CHN;China;;;;;False
S;W1;980;21;1;True;False;145;1119;Park;KOR;South Korea (Republic);;;;;False
S;W1;775;58;3;True;False;146;1807;Lu;TPE;Taiwan;;;;;False
S;W1;755;78;3;True;False;147;1863;Choi;KOR;South Korea (Republic);;;;;False
S;W1;920;81;1;True;False;148;1318;Zhao;CHN;China;;;;;False
S;W1;886;31;2;True;False;149;1429;Kimura;JPN;Japan;;;;;False
S;W1;779;54;3;True;False;150;1788;Loy;SGP;Singapore;;;;;False
S;W1;763;70;3;True;False;151;1847;Zhang;CAN;Canada;;;;;False
S;W1;958;43;1;True;False;152;1204;Diaz;PUR;Puerto Rico;;;;;False
S;W1;953;48;1;True;False;153;1229;Huang;CHN;TTG Bingen/Münster-Sarmsheim;;;;;False
S;W1;798;35;3;True;False;154;1724;Chien;TPE;TTC 1946 Weinheim e.V.;;;;;False
S;W1;854;63;2;True;False;155;1535;Huang;TPE;Taiwan;;;;;False
S;W1;816;17;3;True;False;156;1676;Moyland;USA;USA;;;;;False
S;W1;895;22;2;True;False;157;1399;Uriu;JPN;Japan;;;;;False
S;W1;884;33;2;True;False;158;1433;Yuan;FRA;France;;;;;False
S;W1;795;38;3;True;False;159;1733;Aso;JPN;Japan;;;;;False
S;W1;989;12;1;True;False;160;1071;Fan;CHN;China;;;;;False
S;W1;987;14;1;True;False;161;1088;Hayata;JPN;Japan;;;;;False
S;W1;771;62;3;True;False;162;1822;Sawettabut;THA;Thailand;;;;;False
S;W1;916;1;2;True;False;163;1328;Shintani;JPN;Japan;;;;;False
S;W1;844;73;2;True;False;164;1571;Yang;FRA;France;;;;;False
S;W1;818;15;3;True;False;165;1671;Shin;KOR;South Korea (Republic);;;;;False
S;W1;848;69;2;True;False;166;1559;Enomoto;JPN;Japan;;;;;False
S;W1;806;27;3;True;False;167;1701;Mei Rosu;ROU;Romania;;;;;False
S;W1;952;49;1;True;False;168;1232;Kihara;JPN;Japan;;;;;False
S;W1;945;56;1;True;False;169;1248;Ito;JPN;Japan;;;;;False
S;W1;786;47;3;True;False;170;1769;Bergström;SWE;Sweden;;;;;False
S;W1;912;5;2;True;False;171;1339;Pyon;PRK;North Korea (DPR);;;;;False
S;W1;829;4;3;True;False;172;1638;Zhang;USA;USA;;;;;False
S;W1;892;25;2;True;False;173;1406;Yeh;TPE;Taiwan;;;;;False
S;W1;864;53;2;True;False;174;1516;Choi;KOR;South Korea (Republic);;;;;False
S;W1;825;8;3;True;False;175;1646;Yamagishi;JPN;Japan;;;;;False
S;W1;973;28;1;True;False;176;1147;Ojio;JPN;Japan;;;;;False
S;W1;971;30;1;True;False;177;1155;Ishida;JPN;Japan;;;;;False
S;W1;876;41;2;True;False;178;1471;Uesawa;JPN;Japan;;;;;False
S;W1;880;37;2;True;False;179;1456;Mittelham;GER;ttc berlin eastside;;;;;False
S;W1;867;50;2;True;False;180;1509;Doo;HKG;Hongkong;;;;;False
S;W1;840;77;2;True;False;181;1588;Choi;KOR;South Korea (Republic);;;;;False
S;W1;804;29;3;True;False;182;1705;Das;IND;India;;;;;False
S;W1;908;9;2;True;False;183;1353;Fan;CHN;China;;;;;False
S;W1;942;59;1;True;False;184;1256;Aoki;JPN;Japan;;;;;False
S;W1;937;64;1;True;False;185;1266;Chen;CHN;China;;;;;False
S;W1;809;24;3;True;False;186;1698;Lin;TPE;Taiwan;;;;;False
S;W1;860;57;2;True;False;187;1520;Seo;KOR;South Korea (Republic);;;;;False
S;W1;750;83;3;True;False;188;1874;Zhou;CHN;China;;;;;False
S;W1;852;65;2;True;False;189;1545;Kim;KOR;South Korea (Republic);;;;;False
S;W1;872;45;2;True;False;190;1497;Zeng;SGP;Singapore;;;;;False
S;W1;904;13;2;True;False;191;1363;Takahashi;BRA;TTC 1946 Weinheim e.V.;;;;;False
S;W1;994;7;1;True;False;192;1044;Wang;CHN;China;;;;;False
S;W1;995;6;1;True;False;193;1043;Odo;JPN;Japan;;;;;False
S;W1;802;31;3;True;False;194;1710;Chen;NZL;New Zealand;;;;;False
S;W1;764;69;3;True;False;195;1843;Lee;KOR;South Korea (Republic);;;;;False
S;W1;933;68;1;True;False;196;1276;Wu;TPE;Taiwan;;;;;False
S;W1;929;72;1;True;False;197;1281;Xu;CHN;China;;;;;False
S;W1;900;17;2;True;False;198;1381;Pak;PRK;North Korea (DPR);;;;;False
S;W1;820;13;3;True;False;199;1668;Choi;KOR;South Korea (Republic);;;;;False
S;W1;965;36;1;True;False;200;1193;Muramatsu;JPN;Japan;;;;;False
S;W1;962;39;1;True;False;201;1197;Ding;CHN;China;;;;;False
S;W1;788;45;3;True;False;202;1753;Terekhova;RUS;Russia;;;;;False
S;W1;882;35;2;True;False;203;1443;Yoon;KOR;South Korea (Republic);;;;;False
S;W1;926;75;1;True;False;204;1301;Tachikawa;JPN;Japan;;;;;False
S;W1;921;80;1;True;False;205;1317;Lee;KOR;South Korea (Republic);;;;;False
S;W1;780;53;3;True;False;206;1787;Liu;TPE;Taiwan;;;;;False
S;W1;834;83;2;True;False;207;1612;Choi;KOR;South Korea (Republic);;;;;False
S;W1;981;20;1;True;False;208;1115;Ojio;JPN;Japan;;;;;False
S;W1;978;23;1;True;False;209;1127;Makino;JPN;Japan;;;;;False
S;W1;913;4;2;True;False;210;1336;Mori;JPN;Japan;;;;;False
S;W1;760;73;3;True;False;211;1853;Tripathi;IND;India;;;;;False
S;W1;917;84;1;True;False;212;1327;Yang;CHN;China;;;;;False
S;W1;863;54;2;True;False;213;1517;Heo;KOR;South Korea (Republic);;;;;False
S;W1;843;74;2;True;False;214;1573;Xiao;POR;Portugal;;;;;False
S;W1;800;33;3;True;False;215;1720;Huang;TPE;Taiwan;;;;;False
S;W1;957;44;1;True;False;216;1205;Han;GER;Poland;;;;;False
S;W1;955;46;1;True;False;217;1220;Liu;CHN;TTC Salmünster 1950;;;;;False
S;W1;815;18;3;True;False;218;1680;Tailakova;RUS;Russia;;;;;False
S;W1;866;51;2;True;False;219;1513;Ishikawa;JPN;Japan;;;;;False
S;W1;893;24;2;True;False;220;1404;Lu;TPE;Taiwan;;;;;False
S;W1;770;63;3;True;False;221;1825;Chen;TPE;Taiwan;;;;;False
S;W1;859;58;2;True;False;222;1523;Bhowmick;IND;India;;;;;False
S;W1;832;1;3;True;False;223;1624;Wang;TPE;Taiwan;;;;;False
S;W1;991;10;1;True;False;224;1054;Chen;CHN;China;;;;;False
S;W1;985;16;1;True;False;225;1098;Shi;CHN;China;;;;;False
S;W1;796;37;3;True;False;226;1730;Shao;POR;Portugal;;;;;False
S;W1;879;38;2;True;False;227;1457;Chan;HKG;Hongkong;;;;;False
S;W1;875;42;2;True;False;228;1472;Huang;TPE;Taiwan;;;;;False
S;W1;870;47;2;True;False;229;1503;Hursey;GBR;ESV Weil;;;;;False
S;W1;808;25;3;True;False;230;1699;Liao;TPE;Taiwan;;;;;False
S;W1;768;65;3;True;False;231;1834;Liu;TPE;Taiwan;;;;;False
S;W1;949;52;1;True;False;232;1236;Shibata;JPN;Japan;;;;;False
S;W1;946;55;1;True;False;233;1244;Zhu;CHN;China;;;;;False
S;W1;828;5;3;True;False;234;1641;Akula;IND;India;;;;;False
S;W1;847;70;2;True;False;235;1563;Cheng;TPE;Taiwan;;;;;False
S;W1;824;9;3;True;False;236;1651;Bajor;POL;ttc berlin eastside;;;;;False
S;W1;851;66;2;True;False;237;1552;Shimamura;JPN;Japan;;;;;False
S;W1;792;41;3;True;False;238;1737;Dragoman;ROU;Romania;;;;;False
S;W1;783;50;3;True;False;239;1783;Tsai;TPE;Taiwan;;;;;False
S;W1;975;26;1;True;False;240;1132;Wei;CHN;China;;;;;False
S;W1;969;32;1;True;False;241;1157;Ito;JPN;Japan;;;;;False
S;W1;756;77;3;True;False;242;1858;Ghorpade;IND;India;;;;;False
S;W1;839;78;2;True;False;243;1592;Chen;TPE;Taiwan;;;;;False
S;W1;751;82;3;True;False;244;1872;Chu;TPE;TuS Fürstenfeldbruck;;;;;False
S;W1;909;8;2;True;False;245;1350;Idesawa;JPN;Japan;;;;;False
S;W1;855;62;2;True;False;246;1531;Guo Zheng;FRA;France;;;;;False
S;W1;776;57;3;True;False;247;1797;Imaeda;JPN;SV DJK Kolbermoor;;;;;False
S;W1;941;60;1;True;False;248;1257;Wang;CHN;China;;;;;False
S;W1;940;61;1;True;False;249;1258;Kim;KOR;South Korea (Republic);;;;;False
S;W1;811;22;3;True;False;250;1694;Kim;KOR;South Korea (Republic);;;;;False
S;W1;902;15;2;True;False;251;1375;Szocs;ROU;Romania;;;;;False
S;W1;888;29;2;True;False;252;1414;Liu;CHN;China;;;;;False
S;W1;906;11;2;True;False;253;1359;Wu;TPE;Taiwan;;;;;False
S;W1;890;27;2;True;False;254;1411;Sasao;JPN;Japan;;;;;False
S;W1;;;;True;False;255;;;;;;;;;True
S;W1;999;2;1;True;False;256;1014;Chen;CHN;China;;;;;False
S;W1;748;1;4;False;True;1;1877;Menon;USA;USA;;;;;False
S;W1;;;;False;True;2;;;;;;;;;True
S;W1;510;71;6;False;True;3;2514;Derujijaroen;THA;Thailand;;;;;False
S;W1;683;66;4;False;True;4;2042;Bhoota;IND;India;;;;;False
S;W1;677;72;4;False;True;5;2053;Torres;PHI;Philippines;;;;;False
S;W1;542;39;6;False;True;6;2425;Brateyko;UKR;TTC 1946 Weinheim e.V.;;;;;False
S;W1;601;64;5;False;True;7;2246;Liu;CHN;China;;;;;False
S;W1;714;35;4;False;True;8;1967;Chen;CAM;Cambodia;;;;;False
S;W1;712;37;4;False;True;9;1975;Itagaki;GER;TSV Bad Königshofen;;;;;False
S;W1;557;24;6;False;True;10;2385;Nagam;IND;India;;;;;False
S;W1;538;43;6;False;True;11;2433;Zhang;HKG;Hongkong;;;;;False
S;W1;675;74;4;False;True;12;2057;Lee;KOR;South Korea (Republic);;;;;False
S;W1;669;80;4;False;True;13;2065;Pong;HKG;Hongkong;;;;;False
S;W1;536;45;6;False;True;14;2437;Wang;USA;USA;;;;;False
S;W1;625;40;5;False;True;15;2185;Huang;TPE;Taiwan;;;;;False
S;W1;732;17;4;False;True;16;1909;Singeorzan;ROU;Romania;;;;;False
S;W1;728;21;4;False;True;17;1923;Ha;KOR;South Korea (Republic);;;;;False
S;W1;561;20;6;False;True;18;2378;Low;MAS;Malaysia;;;;;False
S;W1;545;36;6;False;True;19;2416;I;JPN;Japan;;;;;False
S;W1;668;81;4;False;True;20;2066;Chantana;THA;Thailand;;;;;False
S;W1;590;75;5;False;True;21;2288;Paul;IND;India;;;;;False
S;W1;583;82;5;False;True;22;2306;Tee;MAS;Malaysia;;;;;False
S;W1;638;27;5;False;True;23;2135;Chande;IND;India;;;;;False
S;W1;707;42;4;False;True;24;1983;Lee;KOR;South Korea (Republic);;;;;False
S;W1;703;46;4;False;True;25;1997;Cheng;TPE;TTC 1946 Weinheim e.V.;;;;;False
S;W1;525;56;6;False;True;26;2475;Roy Sinha;IND;India;;;;;False
S;W1;588;77;5;False;True;27;2290;Bilenko;UKR;Ukraine;;;;;False
S;W1;624;41;5;False;True;28;2186;Mudgal;IND;India;;;;;False
S;W1;574;7;6;False;True;29;2324;Goodwin;USA;USA;;;;;False
S;W1;617;48;5;False;True;30;2202;Harac;TUR;TTC 1946 Weinheim e.V.;;;;;False
S;W1;552;29;6;False;True;31;2405;Bae;KOR;South Korea (Republic);;;;;False
S;W1;737;12;4;False;True;32;1900;Ivanova;RUS;Russia;;;;;False
S;W1;735;14;4;False;True;33;1904;Fujimoto;JPN;Japan;;;;;False
S;W1;659;6;5;False;True;34;2089;Yoo;KOR;South Korea (Republic);;;;;False
S;W1;656;9;5;False;True;35;2092;Saini;IND;India;;;;;False
S;W1;634;31;5;False;True;36;2149;Kamath;IND;TTG Bingen/Münster-Sarmsheim;;;;;False
S;W1;643;22;5;False;True;37;2126;Choi;KOR;South Korea (Republic);;;;;False
S;W1;646;19;5;False;True;38;2119;Mahato;IND;India;;;;;False
S;W1;502;79;6;False;True;39;2541;Rajkowska;POL;Poland;;;;;False
S;W1;700;49;4;False;True;40;2004;Larkian;IRI;Iran;;;;;False
S;W1;696;53;4;False;True;41;2008;Lutz;FRA;France;;;;;False
S;W1;508;73;6;False;True;42;2527;Drozdova;RUS;Russia;;;;;False
S;W1;661;4;5;False;True;43;2087;Wang;TPE;TuS Fürstenfeldbruck;;;;;False
S;W1;596;69;5;False;True;44;2257;Park;KOR;South Korea (Republic);;;;;False
S;W1;513;68;6;False;True;45;2510;Correia Kanashiro;BRA;Brazil;;;;;False
S;W1;606;59;5;False;True;46;2235;Bogdanowicz;POL;Poland;;;;;False
S;W1;518;63;6;False;True;47;2499;Morice;FRA;France;;;;;False
S;W1;724;25;4;False;True;48;1932;Mukherjee;IND;India;;;;;False
S;W1;717;32;4;False;True;49;1955;Wu;CHN;China;;;;;False
S;W1;521;60;6;False;True;50;2492;Kuderskaia;RUS;Russia;;;;;False
S;W1;652;13;5;False;True;51;2104;Yuen;HKG;Hongkong;;;;;False
S;W1;570;11;6;False;True;52;2337;Goel;IND;India;;;;;False
S;W1;632;33;5;False;True;53;2155;Zhang;ESP;Spain;;;;;False
S;W1;553;28;6;False;True;54;2403;Jaiswal;IND;India;;;;;False
S;W1;530;51;6;False;True;55;2455;Chen;TPE;Taiwan;;;;;False
S;W1;692;57;4;False;True;56;2025;Lam;HKG;Hongkong;;;;;False
S;W1;688;61;4;False;True;57;2032;Meshref;EGY;Egypt;;;;;False
S;W1;600;65;5;False;True;58;2249;Kim;KOR;South Korea (Republic);;;;;False
S;W1;579;2;6;False;True;59;2313;Vorobeva;RUS;Russia;;;;;False
S;W1;610;55;5;False;True;60;2221;Fong;HKG;Hongkong;;;;;False
S;W1;566;15;6;False;True;61;2354;Shcherbatykh;RUS;Russia;;;;;False
S;W1;615;50;5;False;True;62;2205;Pawar;IND;India;;;;;False
S;W1;;;;False;True;63;;;;;;;;;True
S;W1;741;8;4;False;True;64;1893;Kim;KOR;South Korea (Republic);;;;;False
S;W1;744;5;4;False;True;65;1883;Zhu;HKG;Hongkong;;;;;False
S;W1;;;;False;True;66;;;;;;;;;True
S;W1;559;22;6;False;True;67;2382;Iida;JPN;Japan;;;;;False
S;W1;682;67;4;False;True;68;2044;Ilimbetova;RUS;Russia;;;;;False
S;W1;679;70;4;False;True;69;2051;Li;TPE;Taiwan;;;;;False
S;W1;550;31;6;False;True;70;2408;Madarasz;HUN;Hungary;;;;;False
S;W1;620;45;5;False;True;71;2198;Saha;IND;India;;;;;False
S;W1;715;34;4;False;True;72;1961;Park;KOR;South Korea (Republic);;;;;False
S;W1;711;38;4;False;True;73;1977;Lee;KOR;South Korea (Republic);;;;;False
S;W1;541;40;6;False;True;74;2430;Gotsch;GER;SV DJK Kolbermoor;;;;;False
S;W1;636;29;5;False;True;75;2146;Kalbhairav;IND;India;;;;;False
S;W1;673;76;4;False;True;76;2060;Wegrzyn;POL;Poland;;;;;False
S;W1;671;78;4;False;True;77;2063;Kim;KOR;South Korea (Republic);;;;;False
S;W1;572;9;6;False;True;78;2334;Lang;GER;SV DJK Kolbermoor;;;;;False
S;W1;504;77;6;False;True;79;2533;Lyne;MAS;Malaysia;;;;;False
S;W1;731;18;4;False;True;80;1911;Liu;LAO;Laos;;;;;False
S;W1;726;23;4;False;True;81;1930;Huang;TPE;Taiwan;;;;;False
S;W1;568;13;6;False;True;82;2341;Choi;KOR;South Korea (Republic);;;;;False
S;W1;575;6;6;False;True;83;2323;Le Van Chi;VIE;Vietnam;;;;;False
S;W1;665;84;4;False;True;84;2075;Datta;IND;India;;;;;False
S;W1;626;39;5;False;True;85;2184;Wong;HKG;Hongkong;;;;;False
S;W1;650;15;5;False;True;86;2112;Lee;KOR;South Korea (Republic);;;;;False
S;W1;512;69;6;False;True;87;2511;Tantiput;THA;Thailand;;;;;False
S;W1;705;44;4;False;True;88;1993;Cachamit;THA;Thailand;;;;;False
S;W1;702;47;4;False;True;89;1999;Yoon;KOR;South Korea (Republic);;;;;False
S;W1;516;65;6;False;True;90;2501;Ding;CHN;China;;;;;False
S;W1;506;75;6;False;True;91;2529;Varady;SVK;Slovak Republic;;;;;False
S;W1;658;7;5;False;True;92;2090;Tananchai;THA;Thailand;;;;;False
S;W1;654;11;5;False;True;93;2096;Wong;HKG;Hongkong;;;;;False
S;W1;663;2;5;False;True;94;2081;Yang;CHN;China;;;;;False
S;W1;622;43;5;False;True;95;2195;Tolmacheva;RUS;Russia;;;;;False
S;W1;739;10;4;False;True;96;1896;Surjan;SRB;ttc berlin eastside;;;;;False
S;W1;733;16;4;False;True;97;1906;Komatsu;JPN;Japan;;;;;False
S;W1;526;55;6;False;True;98;2474;Yu;USA;USA;;;;;False
S;W1;533;48;6;False;True;99;2448;Shintani;JPN;Japan;;;;;False
S;W1;597;68;5;False;True;100;2253;Erkebaeva;UZB;Uzbekistan;;;;;False
S;W1;602;63;5;False;True;101;2244;Wang;TPE;Taiwan;;;;;False
S;W1;594;71;5;False;True;102;2274;Slautina;RUS;Russia;;;;;False
S;W1;577;4;6;False;True;103;2320;Gao;TPE;TTC Salmünster 1950;;;;;False
S;W1;697;52;4;False;True;104;2007;Monfardini;ITA;Italy;;;;;False
S;W1;695;54;4;False;True;105;2010;Mukherjee;IND;India;;;;;False
S;W1;548;33;6;False;True;106;2410;Stefanova;ITA;Italy;;;;;False
S;W1;592;73;5;False;True;107;2285;Chakraborty;IND;India;;;;;False
S;W1;641;24;5;False;True;108;2130;Lee;KOR;South Korea (Republic);;;;;False
S;W1;637;28;5;False;True;109;2137;Yun;KOR;South Korea (Republic);;;;;False
S;W1;531;50;6;False;True;110;2454;Lee;HKG;Hongkong;;;;;False
S;W1;522;59;6;False;True;111;2486;Sim;KOR;South Korea (Republic);;;;;False
S;W1;723;26;4;False;True;112;1938;Panda;IND;India;;;;;False
S;W1;719;30;4;False;True;113;1953;Yeoh;USA;USA;;;;;False
S;W1;605;60;5;False;True;114;2237;Aueawiriyayothin;THA;Thailand;;;;;False
S;W1;562;19;6;False;True;115;2375;Malobabic;CRO;Croatia;;;;;False
S;W1;614;51;5;False;True;116;2213;Psihogios;AUS;TTG Süßen;;;;;False
S;W1;586;79;5;False;True;117;2301;Brzyska;POL;Poland;;;;;False
S;W1;645;20;5;False;True;118;2120;Griesel;GER;ttc berlin eastside;;;;;False
S;W1;517;64;6;False;True;119;2500;Guo;USA;USA;;;;;False
S;W1;691;58;4;False;True;120;2026;Saha;IND;India;;;;;False
S;W1;687;62;4;False;True;121;2033;Matelova;CZE;Czech Republic;;;;;False
S;W1;554;27;6;False;True;122;2399;Skerbinz;AUT;Austria;;;;;False
S;W1;629;36;5;False;True;123;2159;Varghese;IND;India;;;;;False
S;W1;582;83;5;False;True;124;2307;Kim;KOR;South Korea (Republic);;;;;False
S;W1;609;56;5;False;True;125;2225;Piccolin;ITA;TTC 1946 Weinheim e.V.;;;;;False
S;W1;540;41;6;False;True;126;2431;Altinkaya;TUR;Turkey;;;;;False
S;W1;;;;False;True;127;;;;;;;;;True
S;W1;746;3;4;False;True;128;1880;Ha;KOR;South Korea (Republic);;;;;False
S;W1;745;4;4;False;True;129;1881;Zaharia;ROU;Romania;;;;;False
S;W1;;;;False;True;130;;;;;;;;;True
S;W1;519;62;6;False;True;131;2498;Kutumbale;IND;India;;;;;False
S;W1;684;65;4;False;True;132;2041;Matiunina;UKR;TTC 1946 Weinheim e.V.;;;;;False
S;W1;680;69;4;False;True;133;2049;Yoon;KOR;South Korea (Republic);;;;;False
S;W1;573;8;6;False;True;134;2330;Zaza;SYR;Syria;;;;;False
S;W1;505;76;6;False;True;135;2530;Sozoniuk;UKR;ESV Weil;;;;;False
S;W1;713;36;4;False;True;136;1971;Maji;IND;India;;;;;False
S;W1;710;39;4;False;True;137;1979;Wielgos;POL;Poland;;;;;False
S;W1;514;67;6;False;True;138;2508;Muralidharan;IND;India;;;;;False
S;W1;599;66;5;False;True;139;2251;Chong;NZL;New Zealand;;;;;False
S;W1;676;73;4;False;True;140;2054;Huang;CHN;Macao;;;;;False
S;W1;670;79;4;False;True;141;2064;Nakada;JPN;Japan;;;;;False
S;W1;567;14;6;False;True;142;2346;Bai;CHN;China;;;;;False
S;W1;644;21;5;False;True;143;2123;Wong;HKG;Hongkong;;;;;False
S;W1;730;19;4;False;True;144;1912;Lupulesku;SRB;TSV 1909 Langstadt;;;;;False
S;W1;727;22;4;False;True;145;1929;Cha;KOR;South Korea (Republic);;;;;False
S;W1;534;47;6;False;True;146;2442;Ji;KOR;South Korea (Republic);;;;;False
S;W1;543;38;6;False;True;147;2420;Kumari;IND;India;;;;;False
S;W1;667;82;4;False;True;148;2067;Yoo;KOR;South Korea (Republic);;;;;False
S;W1;608;57;5;False;True;149;2226;Rakovac;CRO;TTG Bingen/Münster-Sarmsheim;;;;;False
S;W1;621;44;5;False;True;150;2196;Sreechak;THA;Thailand;;;;;False
S;W1;630;35;5;False;True;151;2157;Su;TPE;Taiwan;;;;;False
S;W1;708;41;4;False;True;152;1982;Lee;KOR;SV DJK Kolbermoor;;;;;False
S;W1;701;48;4;False;True;153;2001;Wani;IND;India;;;;;False
S;W1;503;78;6;False;True;154;2538;Kim;KOR;South Korea (Republic);;;;;False
S;W1;619;46;5;False;True;155;2200;Ho;GBR;TSV Dachau 65;;;;;False
S;W1;660;5;5;False;True;156;2088;Du;CHN;China;;;;;False
S;W1;604;61;5;False;True;157;2238;Seo;KOR;South Korea (Republic);;;;;False
S;W1;664;1;5;False;True;158;2078;Kamalova;UZB;Uzbekistan;;;;;False
S;W1;558;23;6;False;True;159;2383;Ser-Od;MGL;Mongolia;;;;;False
S;W1;738;11;4;False;True;160;1898;Ding;GER;ttc berlin eastside;;;;;False
S;W1;736;13;4;False;True;161;1903;Moon;KOR;South Korea (Republic);;;;;False
S;W1;555;26;6;False;True;162;2394;Chin;SGP;Singapore;;;;;False
S;W1;635;30;5;False;True;163;2147;Kang;KOR;South Korea (Republic);;;;;False
S;W1;655;10;5;False;True;164;2094;Mathan Rajan;IND;India;;;;;False
S;W1;628;37;5;False;True;165;2173;Arjmand;IRI;Iran;;;;;False
S;W1;616;49;5;False;True;166;2203;Cok;FRA;France;;;;;False
S;W1;640;25;5;False;True;167;2132;Shi;GER;TTG Bingen/Münster-Sarmsheim;;;;;False
S;W1;699;50;4;False;True;168;2005;Tsai;TPE;Taiwan;;;;;False
S;W1;694;55;4;False;True;169;2017;Ko;KOR;South Korea (Republic);;;;;False
S;W1;523;58;6;False;True;170;2484;Mani;IND;TTG Süßen;;;;;False
S;W1;584;81;5;False;True;171;2303;Ganina;GER;TuS Uentrop;;;;;False
S;W1;585;80;5;False;True;172;2302;Arlia;ITA;Italy;;;;;False
S;W1;529;52;6;False;True;173;2459;Zavarykina;RUS;SV DJK Kolbermoor;;;;;False
S;W1;593;72;5;False;True;174;2281;Yavari;IRI;Iran;;;;;False
S;W1;549;32;6;False;True;175;2409;Toliou;GRE;Greece;;;;;False
S;W1;722;27;4;False;True;176;1939;Banik;IND;India;;;;;False
S;W1;720;29;4;False;True;177;1951;Ng;HKG;Hongkong;;;;;False
S;W1;547;34;6;False;True;178;2411;Mohd;MAS;Malaysia;;;;;False
S;W1;539;42;6;False;True;179;2432;Piyadasa;USA;USA;;;;;False
S;W1;569;12;6;False;True;180;2339;Jaiswal;IND;India;;;;;False
S;W1;648;17;5;False;True;181;2115;Kurilkina;RUS;Russia;;;;;False
S;W1;612;53;5;False;True;182;2217;Kodet;CZE;Czech Republic;;;;;False
S;W1;578;3;6;False;True;183;2317;Neya;JPN;Japan;;;;;False
S;W1;690;59;4;False;True;184;2028;Chanvanitborikan;THA;Thailand;;;;;False
S;W1;686;63;4;False;True;185;2038;Pota;HUN;Hungary;;;;;False
S;W1;527;54;6;False;True;186;2467;Xu;CAN;Canada;;;;;False
S;W1;591;74;5;False;True;187;2286;Chen;USA;USA;;;;;False
S;W1;511;70;6;False;True;188;2512;Nishimi;JPN;Japan;;;;;False
S;W1;649;16;5;False;True;189;2113;Kim;KOR;South Korea (Republic);;;;;False
S;W1;563;18;6;False;True;190;2374;Berzosa Casas;ESP;Spain;;;;;False
S;W1;;;;False;True;191;;;;;;;;;True
S;W1;743;6;4;False;True;192;1887;Wang;USA;USA;;;;;False
S;W1;742;7;4;False;True;193;1889;Shirokova;RUS;Russia;;;;;False
S;W1;;;;False;True;194;;;;;;;;;True
S;W1;532;49;6;False;True;195;2450;Avezou;FRA;France;;;;;False
S;W1;681;68;4;False;True;196;2046;Kung;TPE;Taiwan;;;;;False
S;W1;678;71;4;False;True;197;2052;Gupte;IND;India;;;;;False
S;W1;556;25;6;False;True;198;2387;de Nutte;LUX;TuS Bad Driburg;;;;;False
S;W1;524;57;6;False;True;199;2482;Loeuillette;FRA;France;;;;;False
S;W1;716;33;4;False;True;200;1960;Sung;USA;TTC 1946 Weinheim e.V.;;;;;False
S;W1;709;40;4;False;True;201;1981;Cruz;PHI;SSV Schönmünzach;;;;;False
S;W1;613;52;5;False;True;202;2214;Elbaz;EGY;Egypt;;;;;False
S;W1;642;23;5;False;True;203;2129;Kim;KOR;South Korea (Republic);;;;;False
S;W1;674;75;4;False;True;204;2059;Schreiner;GER;TSV 1909 Langstadt;;;;;False
S;W1;672;77;4;False;True;205;2062;Mak;HKG;Hongkong;;;;;False
S;W1;633;32;5;False;True;206;2153;Aspathi;USA;USA;;;;;False
S;W1;509;72;6;False;True;207;2521;Yang;CHN;TTC Langweid e.V.;;;;;False
S;W1;729;20;4;False;True;208;1920;Bhatt;IND;India;;;;;False
S;W1;725;24;4;False;True;209;1931;Hsu;TPE;Taiwan;;;;;False
S;W1;535;46;6;False;True;210;2438;Soo;HKG;TSV 1909 Langstadt;;;;;False
S;W1;546;35;6;False;True;211;2413;Maximova;RUS;Russia;;;;;False
S;W1;666;83;4;False;True;212;2071;Diaconu;ROU;Romania;;;;;False
S;W1;589;76;5;False;True;213;2289;Neumann;GER;TV 1894 Okarben;;;;;False
S;W1;564;17;6;False;True;214;2359;Ryu;KOR;South Korea (Republic);;;;;False
S;W1;571;10;6;False;True;215;2336;Chakraborty;IND;India;;;;;False
S;W1;706;43;4;False;True;216;1992;Bokova;RUS;TTC Langweid e.V.;;;;;False
S;W1;704;45;4;False;True;217;1995;Jeong;KOR;South Korea (Republic);;;;;False
S;W1;507;74;6;False;True;218;2528;Chen;HKG;Hongkong;;;;;False
S;W1;576;5;6;False;True;219;2321;Ma;HKG;Hongkong;;;;;False
S;W1;647;18;5;False;True;220;2116;Iloukhani;IRI;Iran;;;;;False
S;W1;603;62;5;False;True;221;2239;Kukulkova;SVK;Slovak Republic;;;;;False
S;W1;662;3;5;False;True;222;2082;Jeong;KOR;South Korea (Republic);;;;;False
S;W1;580;1;6;False;True;223;2312;Sawettabut;THA;Thailand;;;;;False
S;W1;740;9;4;False;True;224;1894;Wang;CHN;China;;;;;False
S;W1;734;15;4;False;True;225;1905;Suzuki;JPN;Japan;;;;;False
S;W1;565;16;6;False;True;226;2357;Ray;IND;India;;;;;False
S;W1;631;34;5;False;True;227;2156;Solja;GER;Austria;;;;;False
S;W1;607;58;5;False;True;228;2230;Huynh;FRA;France;;;;;False
S;W1;598;67;5;False;True;229;2252;Edahiro;JPN;Japan;;;;;False
S;W1;639;26;5;False;True;230;2134;Kotecha;IND;BSC Rapid Chemnitz;;;;;False
S;W1;560;21;6;False;True;231;2381;Lee;KOR;South Korea (Republic);;;;;False
S;W1;698;51;4;False;True;232;2006;Park;KOR;South Korea (Republic);;;;;False
S;W1;693;56;4;False;True;233;2018;Arapovic;CRO;SV DJK Kolbermoor;;;;;False
S;W1;544;37;6;False;True;234;2417;Yoon;KOR;South Korea (Republic);;;;;False
S;W1;657;8;5;False;True;235;2091;Ghosh;IND;India;;;;;False
S;W1;537;44;6;False;True;236;2436;Chow;HKG;Hongkong;;;;;False
S;W1;618;47;5;False;True;237;2201;Ortega;CHI;ESV Weil;;;;;False
S;W1;551;30;6;False;True;238;2406;Zhan;HKG;Hongkong;;;;;False
S;W1;611;54;5;False;True;239;2218;Lee;HKG;TTC Langweid e.V.;;;;;False
S;W1;721;28;4;False;True;240;1942;Ghosh;IND;SV DJK Kolbermoor;;;;;False
S;W1;718;31;4;False;True;241;1954;Lim;KOR;South Korea (Republic);;;;;False
S;W1;515;66;6;False;True;242;2504;Wegrzyn;POL;Poland;;;;;False
S;W1;623;42;5;False;True;243;2193;Kim;KOR;South Korea (Republic);;;;;False
S;W1;581;84;5;False;True;244;2310;Plaian;ROU;Romania;;;;;False
S;W1;528;53;6;False;True;245;2461;Kang;KOR;South Korea (Republic);;;;;False
S;W1;653;12;5;False;True;246;2097;Lai;TPE;Taiwan;;;;;False
S;W1;520;61;6;False;True;247;2495;Tokic;SLO;Slovenia;;;;;False
S;W1;689;60;4;False;True;248;2029;Wang;USA;USA;;;;;False
S;W1;685;64;4;False;True;249;2040;Zarif;FRA;France;;;;;False
S;W1;627;38;5;False;True;250;2180;Mukherjee;IND;India;;;;;False
S;W1;595;70;5;False;True;251;2271;Yu;GBR;TTC Salmünster 1950;;;;;False
S;W1;651;14;5;False;True;252;2106;Lee;KOR;South Korea (Republic);;;;;False
S;W1;587;78;5;False;True;253;2298;Zhang;CHN;China;;;;;False
S;W1;501;80;6;False;True;254;2544;Bled;FRA;France;;;;;False
S;W1;;;;False;True;255;;;;;;;;;True
S;W1;747;2;4;False;True;256;1879;Kim;KOR;South Korea (Republic);;;;;False
